source_id,library,library_id,title,publisher,edition_label,issue_date,validity_stated,access,pages,language,url,terms_note,found_by,notes
ga-bd6t5256302x,gallica,ark:/12148/bd6t5256302x,[Le temps se gâte ! / Siro],[s.n.],,,,full,1,Sans contenu linguistique,https://gallica.bnf.fr/ark:/12148/bd6t5256302x,"Gallica: public domain; non-commercial reuse free, commercial reuse needs a BnF licence",le-temps:ga,typedoc images; undated in Gallica record
ga-bpt6k1190866d,gallica,ark:/12148/bpt6k1190866d,Chansons du temps : première saison,[s.n.],,18..,,full,24,,https://gallica.bnf.fr/ark:/12148/bpt6k1190866d,"Gallica: public domain; non-commercial reuse free, commercial reuse needs a BnF licence",le-temps:ga,typedoc partitions; undated in Gallica record
ga-bpt6k1513611f,gallica,ark:/12148/bpt6k1513611f,La Boutade du temps perdu,,,,,full,8,fre,https://gallica.bnf.fr/ark:/12148/bpt6k1513611f,"Gallica: public domain; non-commercial reuse free, commercial reuse needs a BnF licence",le-temps:ga,typedoc monographies; undated in Gallica record
ga-bpt6k15182084,gallica,ark:/12148/bpt6k15182084,La Galanterie du temps. Mascarade,,,,,full,8,fre,https://gallica.bnf.fr/ark:/12148/bpt6k15182084,"Gallica: public domain; non-commercial reuse free, commercial reuse needs a BnF licence",le-temps:ga,typedoc monographies; undated in Gallica record
ga-bpt6k3130571,gallica,ark:/12148/bpt6k3130571,"Le bon vieux temps ou chaque chose a son temps, par J.-B. Davagnier",,,,,full,2,fre; français,https://gallica.bnf.fr/ark:/12148/bpt6k3130571,"Gallica: public domain; non-commercial reuse free, commercial reuse needs a BnF licence",le-temps:ga,typedoc monographies; undated in Gallica record
ga-bpt6k318079v,gallica,ark:/12148/bpt6k318079v,Passe temps Michault],[s. n.],,14??-15??,,full,16,frm,https://gallica.bnf.fr/ark:/12148/bpt6k318079v,"Gallica: public domain; non-commercial reuse free, commercial reuse needs a BnF licence",le-temps:ga,typedoc monographies; undated in Gallica record
ga-bpt6k42211133,gallica,ark:/12148/bpt6k42211133,"Autres temps, mêmes bêtises : 1793 et 1848",(Paris),,,,full,11,fre; français,https://gallica.bnf.fr/ark:/12148/bpt6k42211133,"Gallica: public domain; non-commercial reuse free, commercial reuse needs a BnF licence",le-temps:ga,typedoc monographies; undated in Gallica record
ga-bpt6k4252445,gallica,ark:/12148/bpt6k4252445,Il est encore temps,Impr. de Gaultier-Laguionie (Paris),,18..,,full,9,fre,https://gallica.bnf.fr/ark:/12148/bpt6k4252445,"Gallica: public domain; non-commercial reuse free, commercial reuse needs a BnF licence",le-temps:ga,typedoc monographies; undated in Gallica record
ga-bpt6k5382078h,gallica,ark:/12148/bpt6k5382078h,Le temps d'aiguiser...,[s.n?] (Toulouse),,1914,,full,8,fre,https://gallica.bnf.fr/ark:/12148/bpt6k5382078h,"Gallica: public domain; non-commercial reuse free, commercial reuse needs a BnF licence",le-temps:ga,typedoc monographies
ga-bpt6k5516525w,gallica,ark:/12148/bpt6k5516525w,Ballet sur l'avarice du temps,[s.n.],,,,full,5,fre,https://gallica.bnf.fr/ark:/12148/bpt6k5516525w,"Gallica: public domain; non-commercial reuse free, commercial reuse needs a BnF licence",le-temps:ga,typedoc monographies; undated in Gallica record
ga-bpt6k61334989,gallica,ark:/12148/bpt6k61334989,Le temps qui court. Première réflexion,imp. de Mme Ve Jeunehomme (Paris),,,,full,10,fre; français,https://gallica.bnf.fr/ark:/12148/bpt6k61334989,"Gallica: public domain; non-commercial reuse free, commercial reuse needs a BnF licence",le-temps:ga,typedoc monographies; undated in Gallica record
ga-bpt6k728572,gallica,ark:/12148/bpt6k728572,Le passe temps Michault Nouvellement imprime,[s.n.],,15??,,full,24,frm,https://gallica.bnf.fr/ark:/12148/bpt6k728572,"Gallica: public domain; non-commercial reuse free, commercial reuse needs a BnF licence",le-temps:ga,typedoc monographies; undated in Gallica record
ga-bpt6k9817178h,gallica,ark:/12148/bpt6k9817178h,Des temps anciens et du temps moyen / par M. Rubichon,impr. de Lefebvre (Paris),,,,full,126,fre; français,https://gallica.bnf.fr/ark:/12148/bpt6k9817178h,"Gallica: public domain; non-commercial reuse free, commercial reuse needs a BnF licence",le-temps:ga,typedoc monographies; undated in Gallica record
ga-btv1b10050069q,gallica,ark:/12148/btv1b10050069q,Dame du temps de Charles 7.,(France),,19..,,full,1,,https://gallica.bnf.fr/ark:/12148/btv1b10050069q,"Gallica: public domain; non-commercial reuse free, commercial reuse needs a BnF licence",le-temps:ga,typedoc images; undated in Gallica record
ga-btv1b10050600g,gallica,ark:/12148/btv1b10050600g,Costume du temps de Charles 7.,(France),,19..,,full,1,,https://gallica.bnf.fr/ark:/12148/btv1b10050600g,"Gallica: public domain; non-commercial reuse free, commercial reuse needs a BnF licence",le-temps:ga,typedoc images; undated in Gallica record
ga-btv1b10051111s,gallica,ark:/12148/btv1b10051111s,Dame du temps de Charles 7.,(France),,19..,,full,1,,https://gallica.bnf.fr/ark:/12148/btv1b10051111s,"Gallica: public domain; non-commercial reuse free, commercial reuse needs a BnF licence",le-temps:ga,typedoc images; undated in Gallica record
ga-btv1b10051119c,gallica,ark:/12148/btv1b10051119c,Dame du temps de Charles 7.,(France),,19..,,full,1,,https://gallica.bnf.fr/ark:/12148/btv1b10051119c,"Gallica: public domain; non-commercial reuse free, commercial reuse needs a BnF licence",le-temps:ga,typedoc images; undated in Gallica record
ga-btv1b10051127w,gallica,ark:/12148/btv1b10051127w,Dame du temps de Charles 7.,(France),,19..,,full,1,,https://gallica.bnf.fr/ark:/12148/btv1b10051127w,"Gallica: public domain; non-commercial reuse free, commercial reuse needs a BnF licence",le-temps:ga,typedoc images; undated in Gallica record
ga-btv1b10052108v,gallica,ark:/12148/btv1b10052108v,Dame du temps de Charles 7.,(France),,19..,,full,1,,https://gallica.bnf.fr/ark:/12148/btv1b10052108v,"Gallica: public domain; non-commercial reuse free, commercial reuse needs a BnF licence",le-temps:ga,typedoc images; undated in Gallica record
ga-btv1b100521099,gallica,ark:/12148/btv1b100521099,Costume du temps de Charles 7.,(France),,19..,,full,1,,https://gallica.bnf.fr/ark:/12148/btv1b100521099,"Gallica: public domain; non-commercial reuse free, commercial reuse needs a BnF licence",le-temps:ga,typedoc images; undated in Gallica record
ga-btv1b100521220,gallica,ark:/12148/btv1b100521220,Dame du temps de Louis 12.,(France),,19..,,full,1,,https://gallica.bnf.fr/ark:/12148/btv1b100521220,"Gallica: public domain; non-commercial reuse free, commercial reuse needs a BnF licence",le-temps:ga,typedoc images; undated in Gallica record
ga-btv1b10052125b,gallica,ark:/12148/btv1b10052125b,Dame lorraine du temps de François 1er.,(France),,19..,,full,1,,https://gallica.bnf.fr/ark:/12148/btv1b10052125b,"Gallica: public domain; non-commercial reuse free, commercial reuse needs a BnF licence",le-temps:ga,typedoc images; undated in Gallica record
ga-btv1b100526185,gallica,ark:/12148/btv1b100526185,Dame du temps de Charles 7.,(France),,19..,,full,1,,https://gallica.bnf.fr/ark:/12148/btv1b100526185,"Gallica: public domain; non-commercial reuse free, commercial reuse needs a BnF licence",le-temps:ga,typedoc images; undated in Gallica record
ga-btv1b100738037,gallica,ark:/12148/btv1b100738037,"Mélanges. III « Le Temps perdu » et « le Temps recouvert », poésies de Pierre CHASTELLAIN",,,,,full,47,fre,https://gallica.bnf.fr/ark:/12148/btv1b100738037,"Gallica: public domain; non-commercial reuse free, commercial reuse needs a BnF licence",le-temps:ga,typedoc manuscrits; undated in Gallica record
ga-btv1b100897484,gallica,ark:/12148/btv1b100897484,Marcel ProustÀ la recherche du temps perdu. XIILe Temps retrouvé.,,,,,full,122,fre,https://gallica.bnf.fr/ark:/12148/btv1b100897484,"Gallica: public domain; non-commercial reuse free, commercial reuse needs a BnF licence",le-temps:ga,typedoc manuscrits; undated in Gallica record
ga-btv1b104883597,gallica,ark:/12148/btv1b104883597,Le Temps et la Vérité,"Picart, Bernard (1673-1733)",,16..-17..,,full,1,Sans contenu linguistique,https://gallica.bnf.fr/ark:/12148/btv1b104883597,"Gallica: public domain; non-commercial reuse free, commercial reuse needs a BnF licence",le-temps:ga,typedoc images; undated in Gallica record
ga-btv1b104884511,gallica,ark:/12148/btv1b104884511,Le Temps et la Vérité,"Audran, Gérard (1640 - 1703)",,16..,,full,1,Sans contenu linguistique,https://gallica.bnf.fr/ark:/12148/btv1b104884511,"Gallica: public domain; non-commercial reuse free, commercial reuse needs a BnF licence",le-temps:ga,typedoc images; undated in Gallica record
ga-btv1b10488533g,gallica,ark:/12148/btv1b10488533g,Le Temps et la Vérité,"Audran, Gérard (1640 - 1703)",,16..,,full,1,Sans contenu linguistique,https://gallica.bnf.fr/ark:/12148/btv1b10488533g,"Gallica: public domain; non-commercial reuse free, commercial reuse needs a BnF licence",le-temps:ga,typedoc images; undated in Gallica record
ga-btv1b104901233,gallica,ark:/12148/btv1b104901233,Coblas per cantar en temps de Camilleras,"Pujol, Bernat (Cervera (Catalogne, Espagne))",,18..,,full,1,spa,https://gallica.bnf.fr/ark:/12148/btv1b104901233,"Gallica: public domain; non-commercial reuse free, commercial reuse needs a BnF licence",le-temps:ga,typedoc images; undated in Gallica record
ga-btv1b10670693t,gallica,ark:/12148/btv1b10670693t,Le Temps et la Vérité,[s.n.],,17..-18..,,full,2,Sans contenu linguistique,https://gallica.bnf.fr/ark:/12148/btv1b10670693t,"Gallica: public domain; non-commercial reuse free, commercial reuse needs a BnF licence",le-temps:ga,typedoc images; undated in Gallica record
ga-btv1b10673509f,gallica,ark:/12148/btv1b10673509f,"Épinal, Par temps de neige",Armand Bougé (Epinal),,1880-1945,,full,1,fre,https://gallica.bnf.fr/ark:/12148/btv1b10673509f,"Gallica: public domain; non-commercial reuse free, commercial reuse needs a BnF licence",le-temps:ga,typedoc images
ga-btv1b106761485,gallica,ark:/12148/btv1b106761485,[Forêt par temps de neige],,,1880-1945,,full,1,fre,https://gallica.bnf.fr/ark:/12148/btv1b106761485,"Gallica: public domain; non-commercial reuse free, commercial reuse needs a BnF licence",le-temps:ga,typedoc images
ga-btv1b10683806j,gallica,ark:/12148/btv1b10683806j,Nuages de beau temps en montagne,,,,,full,1,fre,https://gallica.bnf.fr/ark:/12148/btv1b10683806j,"Gallica: public domain; non-commercial reuse free, commercial reuse needs a BnF licence",le-temps:ga,typedoc images; undated in Gallica record
ga-btv1b108601183,gallica,ark:/12148/btv1b108601183,"""Handel et son temps"" (manuscrit autographe)",,,,,full,412,,https://gallica.bnf.fr/ark:/12148/btv1b108601183,"Gallica: public domain; non-commercial reuse free, commercial reuse needs a BnF licence",le-temps:ga,typedoc partitions; undated in Gallica record
ga-btv1b53006199d,gallica,ark:/12148/btv1b53006199d,"Le Temps L'Amène, Patience, Patience ! : [estampe]","Chez Aubert, galerie véro dodat",,,,full,1,,https://gallica.bnf.fr/ark:/12148/btv1b53006199d,"Gallica: public domain; non-commercial reuse free, commercial reuse needs a BnF licence",le-temps:ga,typedoc images; undated in Gallica record
ga-btv1b53006628z,gallica,ark:/12148/btv1b53006628z,Carte des chemins de fer de l'Europe centrale pour le livret - Chaix continental,[s.n.],,19..,,full,2,fre,https://gallica.bnf.fr/ark:/12148/btv1b53006628z,"Gallica: public domain; non-commercial reuse free, commercial reuse needs a BnF licence",livret-chaix:ga,typedoc cartes; undated in Gallica record
ga-btv1b532338982,gallica,ark:/12148/btv1b532338982,"[Paris, temps gris] : [dessin] / [Henri Rivière]",,,189.,,full,1,fre,https://gallica.bnf.fr/ark:/12148/btv1b532338982,"Gallica: public domain; non-commercial reuse free, commercial reuse needs a BnF licence",le-temps:ga,typedoc images; undated in Gallica record
ga-btv1b60001498,gallica,ark:/12148/btv1b60001498,Marcel ProustÀ la recherche du temps perdu. XIILe Temps retrouvé.,,,,,full,181,fre,https://gallica.bnf.fr/ark:/12148/btv1b60001498,"Gallica: public domain; non-commercial reuse free, commercial reuse needs a BnF licence",le-temps:ga,typedoc manuscrits; undated in Gallica record
ga-btv1b69163713,gallica,ark:/12148/btv1b69163713,"6-7-11, Instit[ut] aéro[technique de] Paris, inauguration [dirigeable Zodiac ""Le Temps""] : [photographie de presse] / [Agence Rol]",,,1911,,full,1,fre,https://gallica.bnf.fr/ark:/12148/btv1b69163713,"Gallica: public domain; non-commercial reuse free, commercial reuse needs a BnF licence",le-temps:ga,typedoc images
ga-btv1b6916373x,gallica,ark:/12148/btv1b6916373x,"6-7-11, Instit[ut] aéro[technique] de Paris [dirigeable Zodiac ""Le Temps""] : [photographie de presse] / [Agence Rol]",,,1911,,full,1,fre,https://gallica.bnf.fr/ark:/12148/btv1b6916373x,"Gallica: public domain; non-commercial reuse free, commercial reuse needs a BnF licence",le-temps:ga,typedoc images
ga-btv1b6940209c,gallica,ark:/12148/btv1b6940209c,"Marie-Antoinette, de trois quarts à droite, en Aurore, répandant des roses sur un globe fleurdelysé représentant la France ; à gauche, au premier plan, le Temps ; à droite, Son Altesse Royale Madame, à la tête des Grâces ses soeurs : Madame Clotilde, et la Comtesse d'Artois qui tient Madame Elisabeth par la main : [estampe]",Se vend à Paris chés Lattré rue Saint Jacques à la Ville de Bordeaux,,,,full,1,,https://gallica.bnf.fr/ark:/12148/btv1b6940209c,"Gallica: public domain; non-commercial reuse free, commercial reuse needs a BnF licence",le-temps:ga,typedoc images; undated in Gallica record
ga-btv1b84021802,gallica,ark:/12148/btv1b84021802,Le temps corrompu : [estampe],Pierre Saincton ex. Avec privil. du Roy,,,,full,1,,https://gallica.bnf.fr/ark:/12148/btv1b84021802,"Gallica: public domain; non-commercial reuse free, commercial reuse needs a BnF licence",le-temps:ga,typedoc images; undated in Gallica record
ga-btv1b84064506,gallica,ark:/12148/btv1b84064506,Les proverbes du temps : [estampe],A Paris chez P. Mariette rue S. Jacques à l'Espérance. A Paris chez P. Ferdinand au fauxbourg S.t Germain rue de Seine avec privilége du Roy,,,,full,1,,https://gallica.bnf.fr/ark:/12148/btv1b84064506,"Gallica: public domain; non-commercial reuse free, commercial reuse needs a BnF licence",le-temps:ga,typedoc images; undated in Gallica record
ga-btv1b84073646,gallica,ark:/12148/btv1b84073646,Facétie : [estampe] : Le Sage du temps,A Paris chez F. Guérard vis-à-vis la Fontaine St Severin à l'image N. Dame,,,,full,1,,https://gallica.bnf.fr/ark:/12148/btv1b84073646,"Gallica: public domain; non-commercial reuse free, commercial reuse needs a BnF licence",le-temps:ga,typedoc images; undated in Gallica record
ga-btv1b8407386s,gallica,ark:/12148/btv1b8407386s,Proverbe du temps : [estampe],Gab. Landry ex.,,,,full,1,,https://gallica.bnf.fr/ark:/12148/btv1b8407386s,"Gallica: public domain; non-commercial reuse free, commercial reuse needs a BnF licence",le-temps:ga,typedoc images; undated in Gallica record
ga-btv1b84075192,gallica,ark:/12148/btv1b84075192,Folie du temps : [estampe],"Se vend à Paris, chez N. Guérard, graveur, rue S. Jaq., à la Reine du Clergé, C. P. R.",,,,full,1,,https://gallica.bnf.fr/ark:/12148/btv1b84075192,"Gallica: public domain; non-commercial reuse free, commercial reuse needs a BnF licence",le-temps:ga,typedoc images; undated in Gallica record
ga-btv1b8409481p,gallica,ark:/12148/btv1b8409481p,Habit du Temps : [estampe],"Se vend à Paris chez le S.r Duchange, graveur du Roy, rue S.t Jacques, au-dessus des Mathurins, et chez Joullain rue Froidmanteau, chez M. Dolibeau, cordonnier",,,,full,1,,https://gallica.bnf.fr/ark:/12148/btv1b8409481p,"Gallica: public domain; non-commercial reuse free, commercial reuse needs a BnF licence",le-temps:ga,typedoc images; undated in Gallica record
ga-btv1b8409523k,gallica,ark:/12148/btv1b8409523k,Habit du Temps : [estampe],"Se vend à Paris chez le S.r Duchange, graveur du Roy, rue S.t Jacques, au-dessus des Mathurins, et chez Joullain rue Froidmanteau, chez M. Dolibeau, cordonnier",,,,full,1,,https://gallica.bnf.fr/ark:/12148/btv1b8409523k,"Gallica: public domain; non-commercial reuse free, commercial reuse needs a BnF licence",le-temps:ga,typedoc images; undated in Gallica record
ga-btv1b8409550g,gallica,ark:/12148/btv1b8409550g,Habit du Temps : [estampe],"Se vend à Paris chez le S.r Duchange, graveur du Roy, rue S.t Jacques, au-dessus des Mathurins, et chez Joullain rue Froidmanteau, chez M. Dolibeau, cordonnier",,,,full,1,,https://gallica.bnf.fr/ark:/12148/btv1b8409550g,"Gallica: public domain; non-commercial reuse free, commercial reuse needs a BnF licence",le-temps:ga,typedoc images; undated in Gallica record
ga-btv1b8439463k,gallica,ark:/12148/btv1b8439463k,Carte des chemins de fer de l'Europe centrale pour le Livret-Chaix,Chaix (Paris),,19..,,full,1,fre,https://gallica.bnf.fr/ark:/12148/btv1b8439463k,"Gallica: public domain; non-commercial reuse free, commercial reuse needs a BnF licence",livret-chaix:ga,typedoc cartes; undated in Gallica record
ga-btv1b8439607n,gallica,ark:/12148/btv1b8439607n,Carte des chemins de fer de l'Europe centrale pour le Livret-Chaix continental,imp. de Chaix (Paris),,19..,,full,1,fre,https://gallica.bnf.fr/ark:/12148/btv1b8439607n,"Gallica: public domain; non-commercial reuse free, commercial reuse needs a BnF licence",livret-chaix:ga,typedoc cartes; undated in Gallica record
ga-btv1b84414352,gallica,ark:/12148/btv1b84414352,Rome au temps de Galba,,,18..,,full,1,fre,https://gallica.bnf.fr/ark:/12148/btv1b84414352,"Gallica: public domain; non-commercial reuse free, commercial reuse needs a BnF licence",le-temps:ga,typedoc cartes; undated in Gallica record
ga-btv1b8443082z,gallica,ark:/12148/btv1b8443082z,Carte des chemins de fer de l'Europe centrale pour le Livret Chaix,imp. de Chaix (Paris),,189.,,full,2,fre,https://gallica.bnf.fr/ark:/12148/btv1b8443082z,"Gallica: public domain; non-commercial reuse free, commercial reuse needs a BnF licence",livret-chaix:ga,typedoc cartes; undated in Gallica record
ga-btv1b84431221,gallica,ark:/12148/btv1b84431221,Carte des chemins de fer de l'Europe centrale pour le Livret-Chaix continental,[s.n.],,19..,,full,1,fre,https://gallica.bnf.fr/ark:/12148/btv1b84431221,"Gallica: public domain; non-commercial reuse free, commercial reuse needs a BnF licence",livret-chaix:ga,typedoc cartes; undated in Gallica record
ga-btv1b84444491,gallica,ark:/12148/btv1b84444491,Carte des chemins de fer de l'Europe centrale pour le Livret-Chaix continental,[s.n.],,190.,,full,2,fre,https://gallica.bnf.fr/ark:/12148/btv1b84444491,"Gallica: public domain; non-commercial reuse free, commercial reuse needs a BnF licence",livret-chaix:ga,typedoc cartes; undated in Gallica record
ga-btv1b8605456v,gallica,ark:/12148/btv1b8605456v,[Le doctrinal du temps présent],"[imprimeur de l'""Abusé en court"" (GW 133) (= Jean Rousset)] (Lyon)",,1484,,full,309,frm,https://gallica.bnf.fr/ark:/12148/btv1b8605456v,"Gallica: public domain; non-commercial reuse free, commercial reuse needs a BnF licence",le-temps:ga,typedoc monographies; undated in Gallica record
ga-btv1b90196829,gallica,ark:/12148/btv1b90196829,"Le nouveau Zodiac : ""le Temps"" : [photographie de presse] / Agence Meurisse",diff. par l'Agence Meurisse (Paris),,1911,,full,1,fre,https://gallica.bnf.fr/ark:/12148/btv1b90196829,"Gallica: public domain; non-commercial reuse free, commercial reuse needs a BnF licence",le-temps:ga,typedoc images
ga-btv1b90197795,gallica,ark:/12148/btv1b90197795,"Le nouveau Zodiac : ""le Temps"" : [photographie de presse] / Agence Meurisse",diff. par l'Agence Meurisse (Paris),,1911,,full,1,fre,https://gallica.bnf.fr/ark:/12148/btv1b90197795,"Gallica: public domain; non-commercial reuse free, commercial reuse needs a BnF licence",le-temps:ga,typedoc images
ga-btv1b90219735,gallica,ark:/12148/btv1b90219735,"Le Zodiac ""Le Temps"" : de gauche à droite, commandant du bord, capitaine Possonier, maître ouvrier Forestier, le capitaine Mivet : [photographie de presse] / Agence Meurisse",diff. par l'Agence Meurisse (Paris),,1913,,full,1,fre,https://gallica.bnf.fr/ark:/12148/btv1b90219735,"Gallica: public domain; non-commercial reuse free, commercial reuse needs a BnF licence",le-temps:ga,typedoc images
ga-btv1b9021974k,gallica,ark:/12148/btv1b9021974k,"Le Zodiac ""Le Temps"" : la nacelle entière : [photographie de presse] / Agence Meurisse",diff. par l'Agence Meurisse (Paris),,1913,,full,1,fre,https://gallica.bnf.fr/ark:/12148/btv1b9021974k,"Gallica: public domain; non-commercial reuse free, commercial reuse needs a BnF licence",le-temps:ga,typedoc images
ga-btv1b90219750,gallica,ark:/12148/btv1b90219750,"Le Zodiac ""Le Temps"", en l'air : [photographie de presse] / Agence Meurisse",diff. par l'Agence Meurisse (Paris),,1913,,full,1,fre,https://gallica.bnf.fr/ark:/12148/btv1b90219750,"Gallica: public domain; non-commercial reuse free, commercial reuse needs a BnF licence",le-temps:ga,typedoc images
ga-cb32714693h,gallica,ark:/12148/cb32714693h,Le Bon temps,(Paris),,1913-1914,,,,fre; français,https://gallica.bnf.fr/ark:/12148/cb32714693h,Gallica: rights not stated in SRU record,le-temps:ga,typedoc periodiques
ga-cb328020951,gallica,ark:/12148/cb328020951,Journal officiel de la République française. Débats parlementaires. Chambre des députés : compte rendu in-extenso,Impr. du Journal officiel (Paris),,1881-1940,,,,fre,https://gallica.bnf.fr/ark:/12148/cb328020951,Gallica: rights not stated in SRU record,journal-officiel-1914:ga,typedoc periodiques
ga-cb328020982,gallica,ark:/12148/cb328020982,Journal officiel de la République française. Documents parlementaires. Chambre des députés : annexes aux procès-verbaux des séances,Impr. du Journal officiel (Paris),,1881-1940,,,,fre,https://gallica.bnf.fr/ark:/12148/cb328020982,Gallica: rights not stated in SRU record,journal-officiel-1914:ga,typedoc periodiques
ga-cb32859358c,gallica,ark:/12148/cb32859358c,Revue du temps présent,Libr. Molière (Paris),,1907-1912,,,,fre,https://gallica.bnf.fr/ark:/12148/cb32859358c,Gallica: rights not stated in SRU record,le-temps:ga,typedoc periodiques
ga-cb32876691q,gallica,ark:/12148/cb32876691q,Le Temps buté : organe des gas hilarants,[s.n.] (Saint-Cassin),,1916-1916,,,,fre,https://gallica.bnf.fr/ark:/12148/cb32876691q,Gallica: rights not stated in SRU record,le-temps:ga,typedoc periodiques
ga-cb34359892b,gallica,ark:/12148/cb34359892b,Les Temps nouveaux (Paris. 1895),[s.n.] (Paris),,1895-1921,,,,fre,https://gallica.bnf.fr/ark:/12148/cb34359892b,Gallica: rights not stated in SRU record,le-temps:ga,typedoc periodiques
ga-cb343598941,gallica,ark:/12148/cb343598941,Les Temps nouveaux. Supplément littéraire,[s.n.] (Paris),,1895-1914,,,,fre,https://gallica.bnf.fr/ark:/12148/cb343598941,Gallica: rights not stated in SRU record,le-temps:ga,typedoc periodiques
ga-cb34363182v,gallica,ark:/12148/cb34363182v,Journal officiel de la République française. Débats parlementaires. Sénat (1880),Journal officiel (Paris),,1880-1940,,,,fre,https://gallica.bnf.fr/ark:/12148/cb34363182v,Gallica: rights not stated in SRU record,journal-officiel-1914:ga,typedoc periodiques
ga-cb34378481r,gallica,ark:/12148/cb34378481r,Journal officiel de la République française. Lois et décrets,Journaux officiels (Paris),,1881-2015,,,,fre,https://gallica.bnf.fr/ark:/12148/cb34378481r,Gallica: rights not stated in SRU record,journal-officiel-1914:ga,typedoc periodiques
ga-cb34431786z,gallica,ark:/12148/cb34431786z,La Mode du Temps (Paris),[s.n.] (Paris),,1912-1914,,,,fre,https://gallica.bnf.fr/ark:/12148/cb34431786z,Gallica: rights not stated in SRU record,le-temps:ga,typedoc periodiques
ga-cb34431794k,gallica,ark:/12148/cb34431794k,Le Temps (Paris. 1861),[s.n.] (Paris),,1861-1942,,,,fre,https://gallica.bnf.fr/ark:/12148/cb34431794k,Gallica: rights not stated in SRU record,le-temps:ga,typedoc periodiques
ga-cb371291967,gallica,ark:/12148/cb371291967,Table annuelle du Journal officiel de la République française Lois et décrets,Journaux officiels (Paris),,1881-2015,,,,fre,https://gallica.bnf.fr/ark:/12148/cb371291967,Gallica: rights not stated in SRU record,journal-officiel-1914:ga,typedoc periodiques
ia-1937-reichsgesetzblatt-i-alles,archive.org,1937-reichsgesetzblatt-i-alles,1937 Reichsgesetzblatt I Alles,,,,,full,,German,https://archive.org/details/1937-reichsgesetzblatt-i-alles,archive.org: check the item page for rights,reichsgesetzblatt:ia,undated in archive.org metadata
ia-1940ReichsgesetzblattI12011220,archive.org,1940ReichsgesetzblattI12011220,1940 Reichsgesetzblatt I 1201 1220,,,,,full,,German,https://archive.org/details/1940ReichsgesetzblattI12011220,archive.org: check the item page for rights,reichsgesetzblatt:ia,undated in archive.org metadata
ia-1940ReichsgesetzblattI13611380,archive.org,1940ReichsgesetzblattI13611380,1940 Reichsgesetzblatt I 1361 1380,,,,,full,,German,https://archive.org/details/1940ReichsgesetzblattI13611380,archive.org: check the item page for rights,reichsgesetzblatt:ia,undated in archive.org metadata
ia-31761115487381,archive.org,31761115487381,"The revised statutes of Ontario, 1914 : being a revision and consolidation of the Revised statutes of Ontario, 1897, and the subsequent public general acts of the Legislature of Ontario",Toronto : Printed by L. K. Cameron,,1914,,full,1888,eng,https://archive.org/details/31761115487381,archive.org: check the item page for rights,statutes-uk-1914:ia,
ia-31761115487399,archive.org,31761115487399,"The revised statutes of Ontario, 1914 : being a revision and consolidation of the Revised statutes of Ontario, 1897, and the subsequent public general acts of the Legislature of Ontario",Toronto : Printed by L. K. Cameron,,1914,,full,944,eng,https://archive.org/details/31761115487399,archive.org: check the item page for rights,statutes-uk-1914:ia,
ia-31761115487407,archive.org,31761115487407,"The revised statutes of Ontario, 1914 : being a revision and consolidation of the Revised statutes of Ontario, 1897, and the subsequent public general acts of the Legislature of Ontario",Toronto : Printed by L. K. Cameron,,1914,,full,864,eng,https://archive.org/details/31761115487407,archive.org: check the item page for rights,statutes-uk-1914:ia,
ia-31761115487415,archive.org,31761115487415,"The revised statutes of Ontario, 1914 : being a revision and consolidation of the Revised statutes of Ontario, 1897, and the subsequent public general acts of the Legislature of Ontario",Toronto : Printed by L. K. Cameron,,1914,,full,1164,eng,https://archive.org/details/31761115487415,archive.org: check the item page for rights,statutes-uk-1914:ia,
ia-31761119736973,archive.org,31761119736973,"ACTS OF THE DEPARTMENT OF EDUCATION, PROVINCE OF ONTARIO; REVISED STATUTES OF ONTARIO 1914",,,,,full,650,eng,https://archive.org/details/31761119736973,archive.org: check the item page for rights,statutes-uk-1914:ia,undated in archive.org metadata
ia-31761119736999,archive.org,31761119736999,"DEPARTMENT OF EDUCATION ACTS - REVISED STATUTES OF ONTARIO, 1914 CHAPTER 265 WITH AMENDMENTS THERETO, 1914 TO 1925 INCLUSIVE",,,,,full,498,eng,https://archive.org/details/31761119736999,archive.org: check the item page for rights,statutes-uk-1914:ia,undated in archive.org metadata
ia-BradshawSContinentalRailwaySteamTrain1875,archive.org,BradshawSContinentalRailwaySteamTrain1875,Bradshaw S Continental Railway Steam Train 1875,,,,,full,,eng,https://archive.org/details/BradshawSContinentalRailwaySteamTrain1875,archive.org: check the item page for rights,bradshaw-continental:ia,undated in archive.org metadata
ia-BradshawSContinentalRailwaySteamTrain1880,archive.org,BradshawSContinentalRailwaySteamTrain1880,Bradshaw S Continental Railway Steam Train 1880,,,,,full,,eng,https://archive.org/details/BradshawSContinentalRailwaySteamTrain1880,archive.org: check the item page for rights,bradshaw-continental:ia,undated in archive.org metadata
ia-CAT31443400,archive.org,CAT31443400,"Laws applicable to the United States Department of Agriculture : third supplement, embracing statutes and parts of statutes, applicable to the United States Department of Agriculture, enacted from October 25, 1914, to March 4, 1915, inclusive","Washington, Government Printing Office",,1915,,full,80,eng,https://archive.org/details/CAT31443400,archive.org: The contributing institution believes that this item is not in copyright.,statutes-uk-1914:ia,
ia-CAT31443401,archive.org,CAT31443401,"Laws applicable to the United States Department of Agriculture : second supplement, embracing statutes and parts of statutes, applicable to the United States Department of Agriculture, enacted from August 28, 1912, to October 24, 1914, inclusive","Washington, Government Printing Office",,1915,,full,136,eng,https://archive.org/details/CAT31443401,archive.org: The contributing institution believes that this item is not in copyright.,statutes-uk-1914:ia,
ia-SkAQ_an-almanack-for-the-year-of-our-land-1894-by-joseph-whitaker-whitaker-almanack-office-london,archive.org,SkAQ_an-almanack-for-the-year-of-our-land-1894-by-joseph-whitaker-whitaker-almanack-office-london,"An Almanack For The Year Of Our Land 1894 By Joseph Whitaker Whitaker Almanack Office, London",,,,,full,,,https://archive.org/details/SkAQ_an-almanack-for-the-year-of-our-land-1894-by-joseph-whitaker-whitaker-almanack-office-london,archive.org: check the item page for rights,whitakers-almanack:ia,undated in archive.org metadata
ia-asupplementtoat00wigmgoog,archive.org,asupplementtoat00wigmgoog,A supplement to A treatise on the system of evidence in trials at common law : containing the statutes and judicial decisions 1904-1914,"Boston : Little, Brown",,1915,,full,997,eng,https://archive.org/details/asupplementtoat00wigmgoog,archive.org: NOT_IN_COPYRIGHT,statutes-uk-1914:ia,
ia-austriahungarywi0000karl,archive.org,austriahungarywi0000karl,"austria-hungary with excursions to cetinje , belgade and bucharest",karl baedeker,,1911,,full,850,,https://archive.org/details/austriahungarywi0000karl,archive.org: check the item page for rights,baedeker-austria-hungary:ia,
ia-austriahungarywi00baed,archive.org,austriahungarywi00baed,"Austria-Hungary : with excursions to Cetinje, Belgrade, and Bucharest : handbook for travellers",Leipzig : K. Baedeker ; New York ; C. Scribner,,1911,,full,903,eng,https://archive.org/details/austriahungarywi00baed,archive.org: check the item page for rights,baedeker-austria-hungary:ia,
ia-austriahungarywi00karl,archive.org,austriahungarywi00karl,"Austria-Hungary : with excursions to Cetinje, Belgrade, and Bucharest ; handbook for travellers",Lepzig : K. Baedeker,,1911,,full,906,eng,https://archive.org/details/austriahungarywi00karl,archive.org: check the item page for rights,baedeker-austria-hungary:ia,
ia-b21359155,archive.org,b21359155,"The Public Health Act, 1875 (38 & 39 Vict., Cap. 55) and other statutes and parts of statutes relating to public health (1875-1914) : preceded by a complete index [electronic resource]",London : Chas. Knight,,1915,,full,696,eng,https://archive.org/details/b21359155,"archive.org: <a href=""http://rightsstatements.org/vocab/CNE/1.0/"" rel=""ugc nofollow"">The copyright of this item has not been evaluated. Please refer to the original publisher/creator of this item for more information. You are free to use this item in any way that is permitted by the copyright and related rights legislation that applies to your use.</a>",statutes-uk-1914:ia,
ia-b22440616,archive.org,b22440616,"International Dental Federation, London, 1914 : report of meetings of the Federation, its Executive Council and Education Commission, at the University of London, August 3 to 8, 1914 : list of officers and members, and affiliated societies : statutes, rules, regulations, and standing orders of the F.D.I. in the English, French, German, and Spanish languages",[S.l. : s.n.],,1914,,full,76,eng,https://archive.org/details/b22440616,"archive.org: <a href=""http://rightsstatements.org/vocab/CNE/1.0/"" rel=""ugc nofollow"">The copyright of this item has not been evaluated. Please refer to the original publisher/creator of this item for more information. You are free to use this item in any way that is permitted by the copyright and related rights legislation that applies to your use.</a>",statutes-uk-1914:ia,
ia-b24886440,archive.org,b24886440,"Belgium and Holland, including the Grand-Duchy of Luxembourg : handbook for travellers",Leipzig : K. Baedeker; New York : C. Scribner's Sons,,1910,,full,706,eng,https://archive.org/details/b24886440,"archive.org: <a href=""https://rightsstatements.org/page/InC/1.0/?language=en"" rel=""ugc nofollow"">It is possible this Item is protected by copyright and/or related rights. You are free to use this Item in any way that is permitted by the copyright and related rights legislation that applies to your use. For other uses you need to obtain permission from the rights-holder(s).</a>",baedeker-belgium-holland:ia,
ia-b2901119x,archive.org,b2901119x,Paris and environs with routes from London to Paris : handbook for travellers,Leipzig : Karl Baedeker ; London : T. Fisher Unwin ; New York : Charles Scribner's Sons,,1913,,full,744,eng,https://archive.org/details/b2901119x,"archive.org: <a href=""https://rightsstatements.org/page/InC/1.0/?language=en"" rel=""ugc nofollow"">It is possible this Item is protected by copyright and/or related rights. You are free to use this Item in any way that is permitted by the copyright and related rights legislation that applies to your use. For other uses you need to obtain permission from the rights-holder(s).</a>",baedeker-london:ia;baedeker-paris:ia,
ia-belgiumhollan00karl,archive.org,belgiumhollan00karl,"Belgium and Holland, including the grand-duchy of Luxembourg : handbook for travellers","Leipzig, K. Baedeker;",,1910,,full,706,eng,https://archive.org/details/belgiumhollan00karl,archive.org: check the item page for rights,baedeker-belgium-holland:ia,
ia-belgiumhollandin0000karl_r2x8,archive.org,belgiumhollandin0000karl_r2x8,BELGIUM AND HOLLAND INCLUDING THE GRAND-DUCHY OF LUXEMBOURG,,,1910,,full,706,eng,https://archive.org/details/belgiumhollandin0000karl_r2x8,archive.org: check the item page for rights,baedeker-belgium-holland:ia,
ia-belgiumhollandin00karl_0,archive.org,belgiumhollandin00karl_0,"Belgium and Holland, including the grand-duchy of Luxembourg; handbook for travellers",Leipzig : K. Baedeker,,1910,,full,706,eng,https://archive.org/details/belgiumhollandin00karl_0,archive.org: check the item page for rights,baedeker-belgium-holland:ia,
ia-belgiumhollandin01karl,archive.org,belgiumhollandin01karl,"Belgium and Holland, including the grand-duchy of Luxembourg : handbook for travellers : with 19 maps, 37 plans of towns, and 8 ground plans",Leipzig : K. Baedeker ; New York : C. Scribner's Sons,,1910,,full,702,eng,https://archive.org/details/belgiumhollandin01karl,archive.org: check the item page for rights,baedeker-belgium-holland:ia,
ia-bradshawsgeneral1877unse,archive.org,bradshawsgeneral1877unse,Bradshaw's general railway and steam navigation guide for Great Britain and Ireland,London : W.J. Adams,,,,full,508,eng,https://archive.org/details/bradshawsgeneral1877unse,archive.org: check the item page for rights,bradshaw-british:ia,undated in archive.org metadata
ia-bradshawsgeneral1943unse,archive.org,bradshawsgeneral1943unse,Bradshaw's general railway and steam navigation guide for Great Britain and Ireland,London : W.J. Adams,,,,full,858,eng,https://archive.org/details/bradshawsgeneral1943unse,archive.org: check the item page for rights,bradshaw-british:ia,undated in archive.org metadata
ia-bradshawsmonthly00lond,archive.org,bradshawsmonthly00lond,"Bradshaw's monthly continental railway, steam transit, and general guide, for travellers through Europe.","[London : Adams & Sons ; Manchester, England : Henry Blacklock & Co.]",,,,full,278,eng,https://archive.org/details/bradshawsmonthly00lond,archive.org: check the item page for rights,bradshaw-continental:ia,undated in archive.org metadata
ia-bradshawsrailway1915unse,archive.org,bradshawsrailway1915unse,"Bradshaw's railway manual, shareholders' guide and official directory",London : Henry Blacklock & Co.,,1915,,full,742,eng,https://archive.org/details/bradshawsrailway1915unse,archive.org: check the item page for rights,bradshaw-british:ia,
ia-bub_gb_Tb04AQAAMAAJ,archive.org,bub_gb_Tb04AQAAMAAJ,"Austria-Hungary, with excursions to Cetinje, Belgrade, and Bucharest : handbook for travellers","Leipzig : Karl Baedeker, Publisher ; London : T. Fisher Unwin ; New York : Charles Scribner's Sons",,1911,,full,815,eng,https://archive.org/details/bub_gb_Tb04AQAAMAAJ,archive.org: check the item page for rights,baedeker-austria-hungary:ia,
ia-burnsannotatedi00indigoog,archive.org,burnsannotatedi00indigoog,"Burns' annotated Indiana statutes, showing the general statutes in force January 1, 1914","Indianapolis, The Bobbs-Merrill company",,1914,,full,423,eng,https://archive.org/details/burnsannotatedi00indigoog,archive.org: NOT_IN_COPYRIGHT,statutes-uk-1914:ia,
ia-canadatemperance00unse,archive.org,canadatemperance00unse,The Canada Temperance Act : as amended up to and inclusive of the session of 1914 : compiled from the Statutes of Canada,"Toronto, ON. : Printed and published by L. K. Cameron",,1914,,full,82,eng,https://archive.org/details/canadatemperance00unse,archive.org: check the item page for rights,statutes-uk-1914:ia,
ia-cihm_73764,archive.org,cihm_73764,"Canadian Pacific Railway Company's Telegraph [microform] : list of officers, revised tariff, instructions and rules, January 1st, 1913",[Montréal? : s.n.],,1913,,full,860,eng,https://archive.org/details/cihm_73764,archive.org: check the item page for rights,telegraph-tariffs:ia,
ia-cihm_80574,archive.org,cihm_80574,"Hon. Geo. P. Graham, M.P., riddles the Lynch-Staunton-Gutelius Report (House of Commons, March 24th, 1914) [microform] : it was prepared by partizans for party purposes ; concocted in defiance of law, of facts, of railway practice and of common sense ; evidence rejected, expert reports suppressed and the statutes misquoted ; a libel on the Canadian people and an outrage on Canadian enterprises",Ottawa : Central Information Office of the Canadian Liberal Party,,1914,,full,81,eng,https://archive.org/details/cihm_80574,archive.org: check the item page for rights,statutes-uk-1914:ia,
ia-cu31924016981247,archive.org,cu31924016981247,"Annotations to the Revised statutes of Ontario, 1914",Toronto : Carswell,,1914,,full,1364,eng,https://archive.org/details/cu31924016981247,archive.org: check the item page for rights,statutes-uk-1914:ia,
ia-cu31924018095814,archive.org,cu31924018095814,"The Dominion law index : embracing all the legislation of the Dominion parliament and such unrepealed provincial enactments and imperial statutes, treaties and orders as bear a special relation to Canada, 1867-1914",Toronto : Carswell,,1915,,full,560,eng,https://archive.org/details/cu31924018095814,archive.org: check the item page for rights,statutes-uk-1914:ia,
ia-dli.ernet.13664,archive.org,dli.ernet.13664,London and Its Environs,"Karl Baedeker, Publisher. Leipzig(london)",,1911,,full,,eng,https://archive.org/details/dli.ernet.13664,archive.org: check the item page for rights,baedeker-london:ia,
ia-fuhrer-erlasse-1939-1945-edition-samtlicher-uberlieferter-nicht-im-reichsgesetzb,archive.org,fuhrer-erlasse-1939-1945-edition-samtlicher-uberlieferter-nicht-im-reichsgesetzb,"Führer Erlasse 1939 1945 Edition Sämtlicher Überlieferter, Nicht Im Reichsgesetzblatt Abgedruckter, Von Hitler Während Des Zweiten Weltkrieges Schriftlich Erteilter Direktiven",,,,,full,,,https://archive.org/details/fuhrer-erlasse-1939-1945-edition-samtlicher-uberlieferter-nicht-im-reichsgesetzb,archive.org: check the item page for rights,reichsgesetzblatt:ia,undated in archive.org metadata
ia-generallawsmass00massrich,archive.org,generallawsmass00massrich,"General laws of Massachusetts relating to railroad corporations, street railway companies, electric railroad companies, telephone and telegraph companies, steamboat and express companies. The Public service commission law, chapter 784 of the acts of 1913; chapters 433, 463 and 516 of the acts of 1906; provisions of the revised laws and subsequent legislation to and including the year 1913","Boston, Wright & Potter Printing Co., State Printers",,1914,,full,432,eng,https://archive.org/details/generallawsmass00massrich,archive.org: NOT_IN_COPYRIGHT,statutes-uk-1914:ia,
ia-ger-bt-drucksache-06-2654,archive.org,ger-bt-drucksache-06-2654,06/2654 - Entwurf eines Gesetzes über das Meldewesen (Bundesmeldegesetz),Deutscher Bundestag,,,,full,,ger,https://archive.org/details/ger-bt-drucksache-06-2654,"archive.org: Free to republish without modification as long as the source is credited, as per § 5 Abs. 2 UrhG",meldewesen-berlin:ia,undated in archive.org metadata
ia-ger-bt-drucksache-07-1059,archive.org,ger-bt-drucksache-07-1059,07/1059 - Entwurf eines Gesetzes über das Meldewesen (Bundesmeldegesetz - BMG),Deutscher Bundestag,,,,full,,ger,https://archive.org/details/ger-bt-drucksache-07-1059,"archive.org: Free to republish without modification as long as the source is credited, as per § 5 Abs. 2 UrhG",meldewesen-berlin:ia,undated in archive.org metadata
ia-ger-bt-drucksache-08-1987,archive.org,ger-bt-drucksache-08-1987,"08/1987 - Gesetz zur Änderung des Gesetzes über Personalausweise und zur Regelung der Meldepflicht in Beherbergungsstätten - aus Drucksache 8/996, Drucksache 8/1845 Anlage 2 - hier: Anrufung des Vermittlungsausschusses",Deutscher Bundestag,,,,full,,ger,https://archive.org/details/ger-bt-drucksache-08-1987,"archive.org: Free to republish without modification as long as the source is credited, as per § 5 Abs. 2 UrhG",meldewesen-berlin:ia,undated in archive.org metadata
ia-ger-bt-drucksache-08-2095,archive.org,ger-bt-drucksache-08-2095,"08/2095 - Gesetz zur Änderung des Gesetzes über Personalausweise und zur Regelung der Meldepflicht in Beherbergungsstätten - aus Drucksache 8/996, Drucksache 8/1845 Anlage 2 -",Deutscher Bundestag,,,,full,,ger,https://archive.org/details/ger-bt-drucksache-08-2095,"archive.org: Free to republish without modification as long as the source is credited, as per § 5 Abs. 2 UrhG",meldewesen-berlin:ia,undated in archive.org metadata
ia-ger-bt-drucksache-08-2123,archive.org,ger-bt-drucksache-08-2123,"08/2123 - Gesetz zur Änderung des Gesetzes über Personalausweise und zur Regelung der Meldepflicht in Beherbergungsstätten - aus Drucksache 8/996, Drucksachen 8/1845 Anlage 2, 8/1987, 8/2095 -",Deutscher Bundestag,,,,full,,ger,https://archive.org/details/ger-bt-drucksache-08-2123,"archive.org: Free to republish without modification as long as the source is credited, as per § 5 Abs. 2 UrhG",meldewesen-berlin:ia,undated in archive.org metadata
ia-ger-bt-drucksache-08-2132,archive.org,ger-bt-drucksache-08-2132,08/2132 - Einspruch des Bundesrates gegen das Gesetz zur Änderung des Gesetzes über Personalausweise und zur Regelung der Meldepflicht in Beherbergungsgaststätten,Deutscher Bundestag,,,,full,,ger,https://archive.org/details/ger-bt-drucksache-08-2132,"archive.org: Free to republish without modification as long as the source is credited, as per § 5 Abs. 2 UrhG",meldewesen-berlin:ia,undated in archive.org metadata
ia-ger-bt-drucksache-13-2148,archive.org,ger-bt-drucksache-13-2148,13/2148 - Meldepflicht für Mailboxen,Deutscher Bundestag,,,,full,,ger,https://archive.org/details/ger-bt-drucksache-13-2148,"archive.org: Free to republish without modification as long as the source is credited, as per § 5 Abs. 2 UrhG",meldewesen-berlin:ia,undated in archive.org metadata
ia-ger-bt-drucksache-13-2254,archive.org,ger-bt-drucksache-13-2254,13/2254 - Meldepflicht für Mailboxen,Deutscher Bundestag,,,,full,,ger,https://archive.org/details/ger-bt-drucksache-13-2254,"archive.org: Free to republish without modification as long as the source is credited, as per § 5 Abs. 2 UrhG",meldewesen-berlin:ia,undated in archive.org metadata
ia-ger-bt-drucksache-15-2782,archive.org,ger-bt-drucksache-15-2782,15/2782 - Bürokratieabbau im Meldewesen,Deutscher Bundestag,,,,full,,ger,https://archive.org/details/ger-bt-drucksache-15-2782,"archive.org: Free to republish without modification as long as the source is credited, as per § 5 Abs. 2 UrhG",meldewesen-berlin:ia,undated in archive.org metadata
ia-ger-bt-drucksache-15-2911,archive.org,ger-bt-drucksache-15-2911,15/2911 - Bürokratieabbau im Meldewesen,Deutscher Bundestag,,,,full,,ger,https://archive.org/details/ger-bt-drucksache-15-2911,"archive.org: Free to republish without modification as long as the source is credited, as per § 5 Abs. 2 UrhG",meldewesen-berlin:ia,undated in archive.org metadata
ia-ger-bt-drucksache-16-10372,archive.org,ger-bt-drucksache-16-10372,16/10372 - Meldewesen und Datenschutz,Deutscher Bundestag,,,,full,,ger,https://archive.org/details/ger-bt-drucksache-16-10372,"archive.org: Free to republish without modification as long as the source is credited, as per § 5 Abs. 2 UrhG",meldewesen-berlin:ia,undated in archive.org metadata
ia-ger-bt-drucksache-16-10523,archive.org,ger-bt-drucksache-16-10523,16/10523 - Meldewesen und Datenschutz,Deutscher Bundestag,,,,full,,ger,https://archive.org/details/ger-bt-drucksache-16-10523,"archive.org: Free to republish without modification as long as the source is credited, as per § 5 Abs. 2 UrhG",meldewesen-berlin:ia,undated in archive.org metadata
ia-ger-bt-drucksache-17-5527,archive.org,ger-bt-drucksache-17-5527,17/5527 - ELENA - Meldepflicht aufheben und Daten der Beschäftigten löschen,Deutscher Bundestag,,,,full,,ger,https://archive.org/details/ger-bt-drucksache-17-5527,"archive.org: Free to republish without modification as long as the source is credited, as per § 5 Abs. 2 UrhG",meldewesen-berlin:ia,undated in archive.org metadata
ia-ger-bt-drucksache-19-13501,archive.org,ger-bt-drucksache-19-13501,19/13501 - Hintergründe der Abschaffung der Meldepflicht für Druse bei Pferden,Deutscher Bundestag,,,,full,,ger,https://archive.org/details/ger-bt-drucksache-19-13501,"archive.org: Free to republish without modification as long as the source is credited, as per § 5 Abs. 2 UrhG",meldewesen-berlin:ia,no DjVuTXT full text; undated in archive.org metadata
ia-ger-bt-drucksache-19-13814,archive.org,ger-bt-drucksache-19-13814,19/13814 - auf die Kleine Anfrage  - Drucksache 19/13501 -  Hintergründe der Abschaffung der Meldepflicht für Druse bei Pferden,Deutscher Bundestag,,,,full,,ger,https://archive.org/details/ger-bt-drucksache-19-13814,"archive.org: Free to republish without modification as long as the source is credited, as per § 5 Abs. 2 UrhG",meldewesen-berlin:ia,no DjVuTXT full text; undated in archive.org metadata
ia-ger-bt-drucksache-19-15402,archive.org,ger-bt-drucksache-19-15402,19/15402 - Kosten für die Finanzwirtschaft durch Anforderungen im Meldewesen,Deutscher Bundestag,,,,full,,ger,https://archive.org/details/ger-bt-drucksache-19-15402,"archive.org: Free to republish without modification as long as the source is credited, as per § 5 Abs. 2 UrhG",meldewesen-berlin:ia,no DjVuTXT full text; undated in archive.org metadata
ia-ger-bt-drucksache-19-16462,archive.org,ger-bt-drucksache-19-16462,19/16462 - auf die Kleine Anfrage  - Drucksache 19/15402 -  Kosten für die Finanzwirtschaft durch Anforderungen im Meldewesen,Deutscher Bundestag,,,,full,,ger,https://archive.org/details/ger-bt-drucksache-19-16462,"archive.org: Free to republish without modification as long as the source is credited, as per § 5 Abs. 2 UrhG",meldewesen-berlin:ia,no DjVuTXT full text; undated in archive.org metadata
ia-ger-bt-drucksache-19-6833,archive.org,ger-bt-drucksache-19-6833,19/6833 - Praktische Umsetzung der Meldepflicht für E-Zigaretten,Deutscher Bundestag,,,,full,,ger,https://archive.org/details/ger-bt-drucksache-19-6833,"archive.org: Free to republish without modification as long as the source is credited, as per § 5 Abs. 2 UrhG",meldewesen-berlin:ia,undated in archive.org metadata
ia-gov.uscourts.ord.78924,archive.org,gov.uscourts.ord.78924,Estate of Scott K. Bradshaw v. Continental Western Insurance Company,,,,,full,,eng,https://archive.org/details/gov.uscourts.ord.78924,archive.org: check the item page for rights,bradshaw-continental:ia,no DjVuTXT full text; undated in archive.org metadata
ia-in.ernet.dli.2015.109460,archive.org,in.ernet.dli.2015.109460,The Statesmans Year Book,,,1913,,full,,eng,https://archive.org/details/in.ernet.dli.2015.109460,archive.org: check the item page for rights,statesmans-year-book:ia,
ia-in.ernet.dli.2015.210767,archive.org,in.ernet.dli.2015.210767,The Public General Acts King George The Fifth-1914,,,1914,,full,,eng,https://archive.org/details/in.ernet.dli.2015.210767,archive.org: check the item page for rights,statutes-uk-1914:ia,
ia-in.ernet.dli.2015.45512,archive.org,in.ernet.dli.2015.45512,Northern Germany,,,1910,,full,,eng,https://archive.org/details/in.ernet.dli.2015.45512,archive.org: check the item page for rights,baedeker-northern-germany:ia,
ia-india.history.resource.106059,archive.org,india.history.resource.106059,The Public General Acts passed in the Fourth and Fifth Years of the reign of His Majesty King George the Fifth; being the Fourth Session of the ThirtiethParliament of the United Kingdom of Great Britain and Ireland. with an Index and Tables showing the effect of the Year’s Legislation on the Public General Acts also the Titles of the Local and Private Acts arranged consecutively and in Classes,Frederick Atterbury (London),,1914,,full,,eng,https://archive.org/details/india.history.resource.106059,archive.org: check the item page for rights,statutes-uk-1914:ia,
ia-india.history.resource.111863,archive.org,india.history.resource.111863,"Northern Germany as far as the Bavarian and Austrian Frontiers; Handbook for Travellers, 16th ed.",Karl Baedeker (Leipzig),,1913,,full,,eng,https://archive.org/details/india.history.resource.111863,archive.org: check the item page for rights,baedeker-northern-germany:ia,
ia-law-reports-public-general-acts_1914-1916_53,archive.org,law-reports-public-general-acts_1914-1916_53,The Law Reports. The Public General Statutes  1914-1916: Vol 53,,,1914-19,,full,482,English,https://archive.org/details/law-reports-public-general-acts_1914-1916_53,archive.org: check the item page for rights,statutes-uk-1914:ia,
ia-law-reports-public-general-acts_1914_52,archive.org,law-reports-public-general-acts_1914_52,The Law Reports. The Public General Statutes  1914: Vol 52,,,1914,,full,592,English,https://archive.org/details/law-reports-public-general-acts_1914_52,archive.org: check the item page for rights,statutes-uk-1914:ia,
ia-livret-chaix-continental-1869,archive.org,livret-chaix-continental-1869,Livret Chaix Continental 1869,,,,,full,,fre,https://archive.org/details/livret-chaix-continental-1869,archive.org: check the item page for rights,livret-chaix:ia,undated in archive.org metadata
ia-londonanditsenv03firgoog,archive.org,londonanditsenv03firgoog,London and its environs; handbook for travellers,"Leipzig, K. Baedeker; New York, C. Scribner's Sons;",,1911,,full,597,eng,https://archive.org/details/londonanditsenv03firgoog,archive.org: NOT_IN_COPYRIGHT,baedeker-london:ia,
ia-londonanditsenv07firgoog,archive.org,londonanditsenv07firgoog,London and its environs; handbook for travellers,"Leipzig, K. Baedeker; New York, C. Scribner's Sons;",,1911,,full,572,eng,https://archive.org/details/londonanditsenv07firgoog,archive.org: NOT_IN_COPYRIGHT,baedeker-london:ia,
ia-londonenvirons00karl,archive.org,londonenvirons00karl,London and its environs; handbook for travellers,"Leipzig : K. Baedeker; New York, C. Scribner's sons; [etc., etc.]",,1911,,full,634,eng,https://archive.org/details/londonenvirons00karl,archive.org: NOT_IN_COPYRIGHT,baedeker-london:ia,
ia-londonitsenviron0000karl_v7n7,archive.org,londonitsenviron0000karl_v7n7,London and its environs,,,1911,,full,344,eng,https://archive.org/details/londonitsenviron0000karl_v7n7,archive.org: check the item page for rights,baedeker-london:ia,
ia-londonitsenviron0000unse,archive.org,londonitsenviron0000unse,London and its environs; handbook for travellers,"Leipzig, K. Baedeker; New York, C. Scribner's Sons;",,1911,,full,610,eng,https://archive.org/details/londonitsenviron0000unse,archive.org: check the item page for rights,baedeker-london:ia,
ia-londonitsenviron00baed,archive.org,londonitsenviron00baed,London and its environs : handbook for travellers,Leipzig : Karl Baedeker : London :,,1911,,full,548,eng,https://archive.org/details/londonitsenviron00baed,archive.org: check the item page for rights,baedeker-london:ia,
ia-londonitsenviron00karl_0,archive.org,londonitsenviron00karl_0,London and its environs; handbook for travellers,"Leipzig : K. Baedeker; New York : C. Scribner's sons; [etc., etc.]",,1911,,full,628,eng,https://archive.org/details/londonitsenviron00karl_0,archive.org: check the item page for rights,baedeker-london:ia,
ia-micro_IA41152607_0899,archive.org,micro_IA41152607_0899,Meldepflicht für Währungen,United States Government Printing Office; Readex Microprint Corporation,,,,full,2,English,https://archive.org/details/micro_IA41152607_0899,archive.org: check the item page for rights,meldewesen-berlin:ia,undated in archive.org metadata
ia-northerngerma00karl,archive.org,northerngerma00karl,Northern Germany as far as the Bavarian and Austrian frontiers : handbook for travellers,Leipzig : Karl Baedeker,,1910,,full,714,eng,https://archive.org/details/northerngerma00karl,archive.org: check the item page for rights,baedeker-northern-germany:ia,
ia-northerngermany04firgoog,archive.org,northerngermany04firgoog,Northern Germany as far as the Bavarian and Austrian frontiers; handbook for travellers,"Leipzig, K. Baedeker; New York, C. Scribner's sons; [etc., etc.]",,1913,,full,666,eng,https://archive.org/details/northerngermany04firgoog,archive.org: NOT_IN_COPYRIGHT,baedeker-northern-germany:ia,
ia-northerngermanya0000karl,archive.org,northerngermanya0000karl,Northern Germany as far as the Bavarian and Austrian frontiers; handbook for travellers,"Leipzig, K. Baedeker; New York, C. Scribner's sons; [etc., etc.]",,1913,,full,740,eng,https://archive.org/details/northerngermanya0000karl,archive.org: check the item page for rights,baedeker-northern-germany:ia,
ia-officialregulati00ontauoft,archive.org,officialregulati00ontauoft,"Official regulations for the government of public and private hospitals, refuges, orphanages and infants' homes : in accordance with Chapter 300, Section 3, and Chapter 301, Section 3, Revised Statutes of Ontario, 1914 : with suggestions for the economic control of dietaries in public institutions",Toronto : King's Printer,,1914,,full,84,eng,https://archive.org/details/officialregulati00ontauoft,archive.org: NOT_IN_COPYRIGHT,statutes-uk-1914:ia,
ia-parisandenviron00firgoog,archive.org,parisandenviron00firgoog,"Paris and environs, with routes from London to Paris;","Leipzig, K. Baedeker; New York, C. Scribner's sons; [etc.,etc.]",,1913,,full,710,eng,https://archive.org/details/parisandenviron00firgoog,archive.org: NOT_IN_COPYRIGHT,baedeker-london:ia;baedeker-paris:ia,
ia-parisandenviron01firgoog,archive.org,parisandenviron01firgoog,"Paris and environs, with routes from London to Paris; handbook for travellers","Leipzig, K. Baedeker; New York, C. Scribner's sons' [etc., etc.]",,1913,,full,760,eng,https://archive.org/details/parisandenviron01firgoog,archive.org: NOT_IN_COPYRIGHT,baedeker-london:ia;baedeker-paris:ia,
ia-parisandenviron02firgoog,archive.org,parisandenviron02firgoog,Paris and environs : with routes from London to Paris : handbook for travellers,"Leipzig : Karl Baedeker, publisher ; London : T. Fisher Unwin ; New York : Charles Scribner's Sons",,1913,,full,596,eng,https://archive.org/details/parisandenviron02firgoog,archive.org: NOT_IN_COPYRIGHT,baedeker-london:ia;baedeker-paris:ia,
ia-parisandenviron04firgoog,archive.org,parisandenviron04firgoog,"Paris and environs, with routes from London to Paris; handbook for travellers","Leipzig, K. Baedeker; New York, C. Scribner's sons' [etc., etc.]",,1913,,full,496,eng,https://archive.org/details/parisandenviron04firgoog,archive.org: NOT_IN_COPYRIGHT,baedeker-london:ia;baedeker-paris:ia,
ia-parisandenviron06firgoog,archive.org,parisandenviron06firgoog,"Paris and environs, with routes from London to Paris; handbook for travellers","Leipzig, K. Baedeker; New York, C. Scribner's sons' [etc., etc.]",,1913,,full,623,eng,https://archive.org/details/parisandenviron06firgoog,archive.org: NOT_IN_COPYRIGHT,baedeker-london:ia;baedeker-paris:ia,
ia-parisandenviron07firgoog,archive.org,parisandenviron07firgoog,"Paris and environs, with routes from London to Paris;","Leipzig, K. Baedeker; New York, C. Scribner's sons; [etc.,etc.]",,1913,,full,661,eng,https://archive.org/details/parisandenviron07firgoog,archive.org: NOT_IN_COPYRIGHT,baedeker-london:ia;baedeker-paris:ia,
ia-parisenviro00karl,archive.org,parisenviro00karl,"Paris and environs, with routes from London to Paris : handbook for travellers","Leipzig, K. Baedeker",,1913,,full,758,eng,https://archive.org/details/parisenviro00karl,archive.org: check the item page for rights,baedeker-london:ia;baedeker-paris:ia,
ia-parisenvironswi00karl,archive.org,parisenvironswi00karl,"Paris and environs, with routes from London to Paris : handbook for travellers","Leipzig, Baedeker",,1913,,full,754,eng,https://archive.org/details/parisenvironswi00karl,archive.org: check the item page for rights,baedeker-london:ia;baedeker-paris:ia,
ia-parisenvironswit0000karl,archive.org,parisenvironswit0000karl,Paris and environs : With routes from London to Paris: handbook for travellers,C. Scribner,,1913-01-01,,full,768,eng,https://archive.org/details/parisenvironswit0000karl,archive.org: check the item page for rights,baedeker-london:ia;baedeker-paris:ia,
ia-parisenvironswit0000karl_l8a4,archive.org,parisenvironswit0000karl_l8a4,paris and environs with routes from london to paris,karl baedeker publisher,,1913,,full,762,,https://archive.org/details/parisenvironswit0000karl_l8a4,archive.org: check the item page for rights,baedeker-london:ia;baedeker-paris:ia,
ia-pbc.gda.pl.Chronologische_Ueberficht,archive.org,pbc.gda.pl.Chronologische_Ueberficht,"Reichsgesetzblatt : herausgegeben im Reichsministerium des Innern, 1896, Chronologische Ueberficht",Verl. d. Gesetzsammlungsamts,,,,full,,ger,https://archive.org/details/pbc.gda.pl.Chronologische_Ueberficht,archive.org: check the item page for rights,reichsgesetzblatt:ia,undated in archive.org metadata
ia-pbc.gda.pl.Chronologische_Ueberficht_76435,archive.org,pbc.gda.pl.Chronologische_Ueberficht_76435,"Reichsgesetzblatt : herausgegeben im Reichsministerium des Innern, 1896, Chronologische Ueberficht",Verl. d. Gesetzsammlungsamts,,,,full,,ger,https://archive.org/details/pbc.gda.pl.Chronologische_Ueberficht_76435,archive.org: check the item page for rights,reichsgesetzblatt:ia,undated in archive.org metadata
ia-pbc.gda.pl.Chronologische_Ueberficht_76536,archive.org,pbc.gda.pl.Chronologische_Ueberficht_76536,"Reichsgesetzblatt : herausgegeben im Reichsministerium des Innern, 1891, Chronologische_Ueberficht",Verl. d. Gesetzsammlungsamts,,,,full,,ger,https://archive.org/details/pbc.gda.pl.Chronologische_Ueberficht_76536,archive.org: check the item page for rights,reichsgesetzblatt:ia,undated in archive.org metadata
ia-pbc.gda.pl.Chronologische_Ueberficht_76556,archive.org,pbc.gda.pl.Chronologische_Ueberficht_76556,"Reichsgesetzblatt : herausgegeben im Reichsministerium des Innern, 1878, Chronologische_Ueberficht",Verl. d. Gesetzsammlungsamts,,,,full,,ger,https://archive.org/details/pbc.gda.pl.Chronologische_Ueberficht_76556,archive.org: check the item page for rights,reichsgesetzblatt:ia,undated in archive.org metadata
ia-pbc.gda.pl.Chronologische_Ueberficht_76715,archive.org,pbc.gda.pl.Chronologische_Ueberficht_76715,"Reichsgesetzblatt : herausgegeben im Reichsministerium des Innern, 1882, Chronologische_Ueberficht",Verl. d. Gesetzsammlungsamts,,,,full,,ger,https://archive.org/details/pbc.gda.pl.Chronologische_Ueberficht_76715,archive.org: check the item page for rights,reichsgesetzblatt:ia,undated in archive.org metadata
ia-pbc.gda.pl.Chronologische_Ueberficht_76716,archive.org,pbc.gda.pl.Chronologische_Ueberficht_76716,"Reichsgesetzblatt : herausgegeben im Reichsministerium des Innern, 1883, Chronologische_Ueberficht",Verl. d. Gesetzsammlungsamts,,,,full,,ger,https://archive.org/details/pbc.gda.pl.Chronologische_Ueberficht_76716,archive.org: check the item page for rights,reichsgesetzblatt:ia,undated in archive.org metadata
ia-pbc.gda.pl.Chronologische_Ueberficht_76755,archive.org,pbc.gda.pl.Chronologische_Ueberficht_76755,"Reichsgesetzblatt : herausgegeben im Reichsministerium des Innern, 1892, Chronologische Ueberficht",Verl. d. Gesetzsammlungsamts,,,,full,,ger,https://archive.org/details/pbc.gda.pl.Chronologische_Ueberficht_76755,archive.org: check the item page for rights,reichsgesetzblatt:ia,undated in archive.org metadata
ia-pbc.gda.pl.Chronologische_Ueberficht_76756,archive.org,pbc.gda.pl.Chronologische_Ueberficht_76756,"Reichsgesetzblatt : herausgegeben im Reichsministerium des Innern, 1885, Chronologische_Ueberficht",Verl. d. Gesetzsammlungsamts,,,,full,,ger,https://archive.org/details/pbc.gda.pl.Chronologische_Ueberficht_76756,archive.org: check the item page for rights,reichsgesetzblatt:ia,undated in archive.org metadata
ia-pbc.gda.pl.Chronologische_Ueberficht_76791,archive.org,pbc.gda.pl.Chronologische_Ueberficht_76791,"Reichsgesetzblatt : herausgegeben im Reichsministerium des Innern, 1886, Chronologische_Ueberficht",Verl. d. Gesetzsammlungsamts,,,,full,,ger,https://archive.org/details/pbc.gda.pl.Chronologische_Ueberficht_76791,archive.org: check the item page for rights,reichsgesetzblatt:ia,undated in archive.org metadata
ia-pbc.gda.pl.Chronologische_Ueberficht_76829,archive.org,pbc.gda.pl.Chronologische_Ueberficht_76829,"Reichsgesetzblatt : herausgegeben im Reichsministerium des Innern, 1879, Chronologische_Ueberficht",Verl. d. Gesetzsammlungsamts,,,,full,,ger,https://archive.org/details/pbc.gda.pl.Chronologische_Ueberficht_76829,archive.org: check the item page for rights,reichsgesetzblatt:ia,undated in archive.org metadata
ia-pbc.gda.pl.Chronologische_Ueberficht_76830,archive.org,pbc.gda.pl.Chronologische_Ueberficht_76830,"Reichsgesetzblatt : herausgegeben im Reichsministerium des Innern, 1881, Chronologische_Ueberficht",Verl. d. Gesetzsammlungsamts,,,,full,,ger,https://archive.org/details/pbc.gda.pl.Chronologische_Ueberficht_76830,archive.org: check the item page for rights,reichsgesetzblatt:ia,undated in archive.org metadata
ia-pbc.gda.pl.Chronologische_Ueberficht_76945,archive.org,pbc.gda.pl.Chronologische_Ueberficht_76945,"Reichsgesetzblatt : herausgegeben im Reichsministerium des Innern, 1893, Chronologische_Ueberficht",Verl. d. Gesetzsammlungsamts,,,,full,,ger,https://archive.org/details/pbc.gda.pl.Chronologische_Ueberficht_76945,archive.org: check the item page for rights,reichsgesetzblatt:ia,undated in archive.org metadata
ia-pbc.gda.pl.Chronologische_Ueberficht_76946,archive.org,pbc.gda.pl.Chronologische_Ueberficht_76946,"Reichsgesetzblatt : herausgegeben im Reichsministerium des Innern, 1894, Chronologische_Ueberficht",Verl. d. Gesetzsammlungsamts,,,,full,,ger,https://archive.org/details/pbc.gda.pl.Chronologische_Ueberficht_76946,archive.org: check the item page for rights,reichsgesetzblatt:ia,undated in archive.org metadata
ia-pbc.gda.pl.Chronologische_Ueberficht_76947,archive.org,pbc.gda.pl.Chronologische_Ueberficht_76947,"Reichsgesetzblatt : herausgegeben im Reichsministerium des Innern, 1895, Chronologische_Ueberficht",Verl. d. Gesetzsammlungsamts,,,,full,,ger,https://archive.org/details/pbc.gda.pl.Chronologische_Ueberficht_76947,archive.org: check the item page for rights,reichsgesetzblatt:ia,undated in archive.org metadata
ia-pbc.gda.pl.Chronologische_Ueberficht_77090,archive.org,pbc.gda.pl.Chronologische_Ueberficht_77090,"Reichsgesetzblatt : herausgegeben im Reichsministerium des Innern, 1889, Chronologische_Ueberficht",Verl. d. Gesetzsammlungsamts,,,,full,,ger,https://archive.org/details/pbc.gda.pl.Chronologische_Ueberficht_77090,archive.org: check the item page for rights,reichsgesetzblatt:ia,undated in archive.org metadata
ia-pbc.gda.pl.Chronologische_Ueberficht_77120,archive.org,pbc.gda.pl.Chronologische_Ueberficht_77120,"Reichsgesetzblatt : herausgegeben im Reichsministerium des Innern, 1888, Chronologische_Ueberficht",Verl. d. Gesetzsammlungsamts,,,,full,,ger,https://archive.org/details/pbc.gda.pl.Chronologische_Ueberficht_77120,archive.org: check the item page for rights,reichsgesetzblatt:ia,undated in archive.org metadata
ia-pbc.gda.pl.Nr_001_76833,archive.org,pbc.gda.pl.Nr_001_76833,"Reichsgesetzblatt : herausgegeben im Reichsministerium des Innern, 1881 nr 1",Verl. d. Gesetzsammlungsamts,,,,full,,ger,https://archive.org/details/pbc.gda.pl.Nr_001_76833,archive.org: check the item page for rights,reichsgesetzblatt:ia,undated in archive.org metadata
ia-pbc.gda.pl.Nr_001_76862,archive.org,pbc.gda.pl.Nr_001_76862,"Reichsgesetzblatt : herausgegeben im Reichsministerium des Innern, 1879 nr 1",Verl. d. Gesetzsammlungsamts,,,,full,,ger,https://archive.org/details/pbc.gda.pl.Nr_001_76862,archive.org: check the item page for rights,reichsgesetzblatt:ia,undated in archive.org metadata
ia-pbc.gda.pl.Nr_001_77184,archive.org,pbc.gda.pl.Nr_001_77184,"Reichsgesetzblatt : herausgegeben im Reichsministerium des Innern, 1897 nr 1",Verl. d. Gesetzsammlungsamts,,,,full,,ger,https://archive.org/details/pbc.gda.pl.Nr_001_77184,archive.org: check the item page for rights,reichsgesetzblatt:ia,undated in archive.org metadata
ia-pbc.gda.pl.Nr_002_76834,archive.org,pbc.gda.pl.Nr_002_76834,"Reichsgesetzblatt : herausgegeben im Reichsministerium des Innern, 1881 nr 2",Verl. d. Gesetzsammlungsamts,,,,full,,ger,https://archive.org/details/pbc.gda.pl.Nr_002_76834,archive.org: check the item page for rights,reichsgesetzblatt:ia,undated in archive.org metadata
ia-pbc.gda.pl.Nr_002_76863,archive.org,pbc.gda.pl.Nr_002_76863,"Reichsgesetzblatt : herausgegeben im Reichsministerium des Innern, 1879 nr 2",Verl. d. Gesetzsammlungsamts,,,,full,,ger,https://archive.org/details/pbc.gda.pl.Nr_002_76863,archive.org: check the item page for rights,reichsgesetzblatt:ia,undated in archive.org metadata
ia-pbc.gda.pl.Nr_002_77186,archive.org,pbc.gda.pl.Nr_002_77186,"Reichsgesetzblatt : herausgegeben im Reichsministerium des Innern, 1897 nr 2",Verl. d. Gesetzsammlungsamts,,,,full,,ger,https://archive.org/details/pbc.gda.pl.Nr_002_77186,archive.org: check the item page for rights,reichsgesetzblatt:ia,undated in archive.org metadata
ia-pbc.gda.pl.Nr_003_76835,archive.org,pbc.gda.pl.Nr_003_76835,"Reichsgesetzblatt : herausgegeben im Reichsministerium des Innern, 1881 nr 3",Verl. d. Gesetzsammlungsamts,,,,full,,ger,https://archive.org/details/pbc.gda.pl.Nr_003_76835,archive.org: check the item page for rights,reichsgesetzblatt:ia,undated in archive.org metadata
ia-pbc.gda.pl.Nr_003_76864,archive.org,pbc.gda.pl.Nr_003_76864,"Reichsgesetzblatt : herausgegeben im Reichsministerium des Innern, 1879 nr 3",Verl. d. Gesetzsammlungsamts,,,,full,,ger,https://archive.org/details/pbc.gda.pl.Nr_003_76864,archive.org: check the item page for rights,reichsgesetzblatt:ia,undated in archive.org metadata
ia-pbc.gda.pl.Nr_003_77187,archive.org,pbc.gda.pl.Nr_003_77187,"Reichsgesetzblatt : herausgegeben im Reichsministerium des Innern, 1897 nr 3",Verl. d. Gesetzsammlungsamts,,,,full,,ger,https://archive.org/details/pbc.gda.pl.Nr_003_77187,archive.org: check the item page for rights,reichsgesetzblatt:ia,undated in archive.org metadata
ia-pbc.gda.pl.Nr_004_76836,archive.org,pbc.gda.pl.Nr_004_76836,"Reichsgesetzblatt : herausgegeben im Reichsministerium des Innern, 1881 nr 4",Verl. d. Gesetzsammlungsamts,,,,full,,ger,https://archive.org/details/pbc.gda.pl.Nr_004_76836,archive.org: check the item page for rights,reichsgesetzblatt:ia,undated in archive.org metadata
ia-pbc.gda.pl.Nr_004_76865,archive.org,pbc.gda.pl.Nr_004_76865,"Reichsgesetzblatt : herausgegeben im Reichsministerium des Innern, 1879 nr 4",Verl. d. Gesetzsammlungsamts,,,,full,,ger,https://archive.org/details/pbc.gda.pl.Nr_004_76865,archive.org: check the item page for rights,reichsgesetzblatt:ia,undated in archive.org metadata
ia-pbc.gda.pl.Nr_004_77188,archive.org,pbc.gda.pl.Nr_004_77188,"Reichsgesetzblatt : herausgegeben im Reichsministerium des Innern, 1897 nr 4",Verl. d. Gesetzsammlungsamts,,,,full,,ger,https://archive.org/details/pbc.gda.pl.Nr_004_77188,archive.org: check the item page for rights,reichsgesetzblatt:ia,undated in archive.org metadata
ia-pbc.gda.pl.Nr_005_76837,archive.org,pbc.gda.pl.Nr_005_76837,"Reichsgesetzblatt : herausgegeben im Reichsministerium des Innern, 1881 nr 5",Verl. d. Gesetzsammlungsamts,,,,full,,ger,https://archive.org/details/pbc.gda.pl.Nr_005_76837,archive.org: check the item page for rights,reichsgesetzblatt:ia,undated in archive.org metadata
ia-pbc.gda.pl.Nr_005_76866,archive.org,pbc.gda.pl.Nr_005_76866,"Reichsgesetzblatt : herausgegeben im Reichsministerium des Innern, 1879 nr 5",Verl. d. Gesetzsammlungsamts,,,,full,,ger,https://archive.org/details/pbc.gda.pl.Nr_005_76866,archive.org: check the item page for rights,reichsgesetzblatt:ia,undated in archive.org metadata
ia-pbc.gda.pl.Nr_005_77189,archive.org,pbc.gda.pl.Nr_005_77189,"Reichsgesetzblatt : herausgegeben im Reichsministerium des Innern, 1897 nr 5",Verl. d. Gesetzsammlungsamts,,,,full,,ger,https://archive.org/details/pbc.gda.pl.Nr_005_77189,archive.org: check the item page for rights,reichsgesetzblatt:ia,undated in archive.org metadata
ia-pbc.gda.pl.Nr_006_76838,archive.org,pbc.gda.pl.Nr_006_76838,"Reichsgesetzblatt : herausgegeben im Reichsministerium des Innern, 1881 nr 6",Verl. d. Gesetzsammlungsamts,,,,full,,ger,https://archive.org/details/pbc.gda.pl.Nr_006_76838,archive.org: check the item page for rights,reichsgesetzblatt:ia,undated in archive.org metadata
ia-pbc.gda.pl.Nr_006_76867,archive.org,pbc.gda.pl.Nr_006_76867,"Reichsgesetzblatt : herausgegeben im Reichsministerium des Innern, 1879 nr 6",Verl. d. Gesetzsammlungsamts,,,,full,,ger,https://archive.org/details/pbc.gda.pl.Nr_006_76867,archive.org: check the item page for rights,reichsgesetzblatt:ia,undated in archive.org metadata
ia-pbc.gda.pl.Nr_006_77190,archive.org,pbc.gda.pl.Nr_006_77190,"Reichsgesetzblatt : herausgegeben im Reichsministerium des Innern, 1897 nr 6",Verl. d. Gesetzsammlungsamts,,,,full,,ger,https://archive.org/details/pbc.gda.pl.Nr_006_77190,archive.org: check the item page for rights,reichsgesetzblatt:ia,undated in archive.org metadata
ia-pbc.gda.pl.Nr_007_76839,archive.org,pbc.gda.pl.Nr_007_76839,"Reichsgesetzblatt : herausgegeben im Reichsministerium des Innern, 1881 nr 7",Verl. d. Gesetzsammlungsamts,,,,full,,ger,https://archive.org/details/pbc.gda.pl.Nr_007_76839,archive.org: check the item page for rights,reichsgesetzblatt:ia,undated in archive.org metadata
ia-pbc.gda.pl.Nr_007_76868,archive.org,pbc.gda.pl.Nr_007_76868,"Reichsgesetzblatt : herausgegeben im Reichsministerium des Innern, 1879 nr 7",Verl. d. Gesetzsammlungsamts,,,,full,,ger,https://archive.org/details/pbc.gda.pl.Nr_007_76868,archive.org: check the item page for rights,reichsgesetzblatt:ia,undated in archive.org metadata
ia-pbc.gda.pl.Nr_007_77191,archive.org,pbc.gda.pl.Nr_007_77191,"Reichsgesetzblatt : herausgegeben im Reichsministerium des Innern, 1897 nr 7",Verl. d. Gesetzsammlungsamts,,,,full,,ger,https://archive.org/details/pbc.gda.pl.Nr_007_77191,archive.org: check the item page for rights,reichsgesetzblatt:ia,undated in archive.org metadata
ia-pbc.gda.pl.Nr_008_76840,archive.org,pbc.gda.pl.Nr_008_76840,"Reichsgesetzblatt : herausgegeben im Reichsministerium des Innern, 1881 nr 8",Verl. d. Gesetzsammlungsamts,,,,full,,ger,https://archive.org/details/pbc.gda.pl.Nr_008_76840,archive.org: check the item page for rights,reichsgesetzblatt:ia,undated in archive.org metadata
ia-pbc.gda.pl.Nr_008_76869,archive.org,pbc.gda.pl.Nr_008_76869,"Reichsgesetzblatt : herausgegeben im Reichsministerium des Innern, 1879 nr 8",Verl. d. Gesetzsammlungsamts,,,,full,,ger,https://archive.org/details/pbc.gda.pl.Nr_008_76869,archive.org: check the item page for rights,reichsgesetzblatt:ia,undated in archive.org metadata
ia-pbc.gda.pl.Nr_008_77192,archive.org,pbc.gda.pl.Nr_008_77192,"Reichsgesetzblatt : herausgegeben im Reichsministerium des Innern, 1897 nr 8",Verl. d. Gesetzsammlungsamts,,,,full,,ger,https://archive.org/details/pbc.gda.pl.Nr_008_77192,archive.org: check the item page for rights,reichsgesetzblatt:ia,undated in archive.org metadata
ia-pbc.gda.pl.Nr_009_76841,archive.org,pbc.gda.pl.Nr_009_76841,"Reichsgesetzblatt : herausgegeben im Reichsministerium des Innern, 1881 nr 9",Verl. d. Gesetzsammlungsamts,,,,full,,ger,https://archive.org/details/pbc.gda.pl.Nr_009_76841,archive.org: check the item page for rights,reichsgesetzblatt:ia,undated in archive.org metadata
ia-pbc.gda.pl.Nr_009_76870,archive.org,pbc.gda.pl.Nr_009_76870,"Reichsgesetzblatt : herausgegeben im Reichsministerium des Innern, 1879 nr 9",Verl. d. Gesetzsammlungsamts,,,,full,,ger,https://archive.org/details/pbc.gda.pl.Nr_009_76870,archive.org: check the item page for rights,reichsgesetzblatt:ia,undated in archive.org metadata
ia-pbc.gda.pl.Nr_009_77193,archive.org,pbc.gda.pl.Nr_009_77193,"Reichsgesetzblatt : herausgegeben im Reichsministerium des Innern, 1897 nr 9",Verl. d. Gesetzsammlungsamts,,,,full,,ger,https://archive.org/details/pbc.gda.pl.Nr_009_77193,archive.org: check the item page for rights,reichsgesetzblatt:ia,undated in archive.org metadata
ia-pbc.gda.pl.Nr_010_76842,archive.org,pbc.gda.pl.Nr_010_76842,"Reichsgesetzblatt : herausgegeben im Reichsministerium des Innern, 1881 nr 10",Verl. d. Gesetzsammlungsamts,,,,full,,ger,https://archive.org/details/pbc.gda.pl.Nr_010_76842,archive.org: check the item page for rights,reichsgesetzblatt:ia,undated in archive.org metadata
ia-pbc.gda.pl.Nr_010_76871,archive.org,pbc.gda.pl.Nr_010_76871,"Reichsgesetzblatt : herausgegeben im Reichsministerium des Innern, 1879 nr 10",Verl. d. Gesetzsammlungsamts,,,,full,,ger,https://archive.org/details/pbc.gda.pl.Nr_010_76871,archive.org: check the item page for rights,reichsgesetzblatt:ia,undated in archive.org metadata
ia-pbc.gda.pl.Nr_010_77194,archive.org,pbc.gda.pl.Nr_010_77194,"Reichsgesetzblatt : herausgegeben im Reichsministerium des Innern, 1897 nr 10",Verl. d. Gesetzsammlungsamts,,,,full,,ger,https://archive.org/details/pbc.gda.pl.Nr_010_77194,archive.org: check the item page for rights,reichsgesetzblatt:ia,undated in archive.org metadata
ia-pbc.gda.pl.Nr_011_76843,archive.org,pbc.gda.pl.Nr_011_76843,"Reichsgesetzblatt : herausgegeben im Reichsministerium des Innern, 1881 nr 11",Verl. d. Gesetzsammlungsamts,,,,full,,ger,https://archive.org/details/pbc.gda.pl.Nr_011_76843,archive.org: check the item page for rights,reichsgesetzblatt:ia,undated in archive.org metadata
ia-pbc.gda.pl.Nr_011_76872,archive.org,pbc.gda.pl.Nr_011_76872,"Reichsgesetzblatt : herausgegeben im Reichsministerium des Innern, 1879 nr 11",Verl. d. Gesetzsammlungsamts,,,,full,,ger,https://archive.org/details/pbc.gda.pl.Nr_011_76872,archive.org: check the item page for rights,reichsgesetzblatt:ia,undated in archive.org metadata
ia-pbc.gda.pl.Nr_011_77195,archive.org,pbc.gda.pl.Nr_011_77195,"Reichsgesetzblatt : herausgegeben im Reichsministerium des Innern, 1897 nr 11",Verl. d. Gesetzsammlungsamts,,,,full,,ger,https://archive.org/details/pbc.gda.pl.Nr_011_77195,archive.org: check the item page for rights,reichsgesetzblatt:ia,undated in archive.org metadata
ia-pbc.gda.pl.Nr_012_76844,archive.org,pbc.gda.pl.Nr_012_76844,"Reichsgesetzblatt : herausgegeben im Reichsministerium des Innern, 1881 nr 12",Verl. d. Gesetzsammlungsamts,,,,full,,ger,https://archive.org/details/pbc.gda.pl.Nr_012_76844,archive.org: check the item page for rights,reichsgesetzblatt:ia,undated in archive.org metadata
ia-pbc.gda.pl.Nr_012_76873,archive.org,pbc.gda.pl.Nr_012_76873,"Reichsgesetzblatt : herausgegeben im Reichsministerium des Innern, 1879 nr 12",Verl. d. Gesetzsammlungsamts,,,,full,,ger,https://archive.org/details/pbc.gda.pl.Nr_012_76873,archive.org: check the item page for rights,reichsgesetzblatt:ia,undated in archive.org metadata
ia-pbc.gda.pl.Nr_012_77271,archive.org,pbc.gda.pl.Nr_012_77271,"Reichsgesetzblatt : herausgegeben im Reichsministerium des Innern, 1897 nr 12",Verl. d. Gesetzsammlungsamts,,,,full,,ger,https://archive.org/details/pbc.gda.pl.Nr_012_77271,archive.org: check the item page for rights,reichsgesetzblatt:ia,undated in archive.org metadata
ia-pbc.gda.pl.Nr_013_76845,archive.org,pbc.gda.pl.Nr_013_76845,"Reichsgesetzblatt : herausgegeben im Reichsministerium des Innern, 1881 nr 13",Verl. d. Gesetzsammlungsamts,,,,full,,ger,https://archive.org/details/pbc.gda.pl.Nr_013_76845,archive.org: check the item page for rights,reichsgesetzblatt:ia,undated in archive.org metadata
ia-pbc.gda.pl.Nr_013_76874,archive.org,pbc.gda.pl.Nr_013_76874,"Reichsgesetzblatt : herausgegeben im Reichsministerium des Innern, 1879 nr 13",Verl. d. Gesetzsammlungsamts,,,,full,,ger,https://archive.org/details/pbc.gda.pl.Nr_013_76874,archive.org: check the item page for rights,reichsgesetzblatt:ia,undated in archive.org metadata
ia-pbc.gda.pl.Nr_013_77196,archive.org,pbc.gda.pl.Nr_013_77196,"Reichsgesetzblatt : herausgegeben im Reichsministerium des Innern, 1897 nr 13",Verl. d. Gesetzsammlungsamts,,,,full,,ger,https://archive.org/details/pbc.gda.pl.Nr_013_77196,archive.org: check the item page for rights,reichsgesetzblatt:ia,undated in archive.org metadata
ia-pbc.gda.pl.Nr_014_76846,archive.org,pbc.gda.pl.Nr_014_76846,"Reichsgesetzblatt : herausgegeben im Reichsministerium des Innern, 1881 nr 14",Verl. d. Gesetzsammlungsamts,,,,full,,ger,https://archive.org/details/pbc.gda.pl.Nr_014_76846,archive.org: check the item page for rights,reichsgesetzblatt:ia,undated in archive.org metadata
ia-pbc.gda.pl.Nr_014_76875,archive.org,pbc.gda.pl.Nr_014_76875,"Reichsgesetzblatt : herausgegeben im Reichsministerium des Innern, 1879 nr 14",Verl. d. Gesetzsammlungsamts,,,,full,,ger,https://archive.org/details/pbc.gda.pl.Nr_014_76875,archive.org: check the item page for rights,reichsgesetzblatt:ia,undated in archive.org metadata
ia-pbc.gda.pl.Nr_014_77197,archive.org,pbc.gda.pl.Nr_014_77197,"Reichsgesetzblatt : herausgegeben im Reichsministerium des Innern, 1897 nr 14",Verl. d. Gesetzsammlungsamts,,,,full,,ger,https://archive.org/details/pbc.gda.pl.Nr_014_77197,archive.org: check the item page for rights,reichsgesetzblatt:ia,undated in archive.org metadata
ia-pbc.gda.pl.Nr_015_76847,archive.org,pbc.gda.pl.Nr_015_76847,"Reichsgesetzblatt : herausgegeben im Reichsministerium des Innern, 1881 nr 15",Verl. d. Gesetzsammlungsamts,,,,full,,ger,https://archive.org/details/pbc.gda.pl.Nr_015_76847,archive.org: check the item page for rights,reichsgesetzblatt:ia,undated in archive.org metadata
ia-pbc.gda.pl.Nr_015_76876,archive.org,pbc.gda.pl.Nr_015_76876,"Reichsgesetzblatt : herausgegeben im Reichsministerium des Innern, 1879 nr 15",Verl. d. Gesetzsammlungsamts,,,,full,,ger,https://archive.org/details/pbc.gda.pl.Nr_015_76876,archive.org: check the item page for rights,reichsgesetzblatt:ia,undated in archive.org metadata
ia-pbc.gda.pl.Nr_015_77198,archive.org,pbc.gda.pl.Nr_015_77198,"Reichsgesetzblatt : herausgegeben im Reichsministerium des Innern, 1897 nr 15",Verl. d. Gesetzsammlungsamts,,,,full,,ger,https://archive.org/details/pbc.gda.pl.Nr_015_77198,archive.org: check the item page for rights,reichsgesetzblatt:ia,undated in archive.org metadata
ia-pbc.gda.pl.Nr_016_76848,archive.org,pbc.gda.pl.Nr_016_76848,"Reichsgesetzblatt : herausgegeben im Reichsministerium des Innern, 1881 nr 16",Verl. d. Gesetzsammlungsamts,,,,full,,ger,https://archive.org/details/pbc.gda.pl.Nr_016_76848,archive.org: check the item page for rights,reichsgesetzblatt:ia,undated in archive.org metadata
ia-pbc.gda.pl.Nr_016_76877,archive.org,pbc.gda.pl.Nr_016_76877,"Reichsgesetzblatt : herausgegeben im Reichsministerium des Innern, 1879 nr 16",Verl. d. Gesetzsammlungsamts,,,,full,,ger,https://archive.org/details/pbc.gda.pl.Nr_016_76877,archive.org: check the item page for rights,reichsgesetzblatt:ia,undated in archive.org metadata
ia-pbc.gda.pl.Nr_016_77199,archive.org,pbc.gda.pl.Nr_016_77199,"Reichsgesetzblatt : herausgegeben im Reichsministerium des Innern, 1897 nr 16",Verl. d. Gesetzsammlungsamts,,,,full,,ger,https://archive.org/details/pbc.gda.pl.Nr_016_77199,archive.org: check the item page for rights,reichsgesetzblatt:ia,undated in archive.org metadata
ia-pbc.gda.pl.Nr_017_76849,archive.org,pbc.gda.pl.Nr_017_76849,"Reichsgesetzblatt : herausgegeben im Reichsministerium des Innern, 1881 nr 17",Verl. d. Gesetzsammlungsamts,,,,full,,ger,https://archive.org/details/pbc.gda.pl.Nr_017_76849,archive.org: check the item page for rights,reichsgesetzblatt:ia,undated in archive.org metadata
ia-pbc.gda.pl.Nr_017_76878,archive.org,pbc.gda.pl.Nr_017_76878,"Reichsgesetzblatt : herausgegeben im Reichsministerium des Innern, 1879 nr 17",Verl. d. Gesetzsammlungsamts,,,,full,,ger,https://archive.org/details/pbc.gda.pl.Nr_017_76878,archive.org: check the item page for rights,reichsgesetzblatt:ia,undated in archive.org metadata
ia-pbc.gda.pl.Nr_017_77200,archive.org,pbc.gda.pl.Nr_017_77200,"Reichsgesetzblatt : herausgegeben im Reichsministerium des Innern, 1897 nr 17",Verl. d. Gesetzsammlungsamts,,,,full,,ger,https://archive.org/details/pbc.gda.pl.Nr_017_77200,archive.org: check the item page for rights,reichsgesetzblatt:ia,undated in archive.org metadata
ia-pbc.gda.pl.Nr_018_76850,archive.org,pbc.gda.pl.Nr_018_76850,"Reichsgesetzblatt : herausgegeben im Reichsministerium des Innern, 1881 nr 18",Verl. d. Gesetzsammlungsamts,,,,full,,ger,https://archive.org/details/pbc.gda.pl.Nr_018_76850,archive.org: check the item page for rights,reichsgesetzblatt:ia,undated in archive.org metadata
ia-pbc.gda.pl.Nr_018_76879,archive.org,pbc.gda.pl.Nr_018_76879,"Reichsgesetzblatt : herausgegeben im Reichsministerium des Innern, 1879 nr 18",Verl. d. Gesetzsammlungsamts,,,,full,,ger,https://archive.org/details/pbc.gda.pl.Nr_018_76879,archive.org: check the item page for rights,reichsgesetzblatt:ia,undated in archive.org metadata
ia-pbc.gda.pl.Nr_018_77201,archive.org,pbc.gda.pl.Nr_018_77201,"Reichsgesetzblatt : herausgegeben im Reichsministerium des Innern, 1897 nr 18",Verl. d. Gesetzsammlungsamts,,,,full,,ger,https://archive.org/details/pbc.gda.pl.Nr_018_77201,archive.org: check the item page for rights,reichsgesetzblatt:ia,undated in archive.org metadata
ia-pbc.gda.pl.Nr_019_76851,archive.org,pbc.gda.pl.Nr_019_76851,"Reichsgesetzblatt : herausgegeben im Reichsministerium des Innern, 1881 nr 19",Verl. d. Gesetzsammlungsamts,,,,full,,ger,https://archive.org/details/pbc.gda.pl.Nr_019_76851,archive.org: check the item page for rights,reichsgesetzblatt:ia,undated in archive.org metadata
ia-pbc.gda.pl.Nr_019_76880,archive.org,pbc.gda.pl.Nr_019_76880,"Reichsgesetzblatt : herausgegeben im Reichsministerium des Innern, 1879 nr 19",Verl. d. Gesetzsammlungsamts,,,,full,,ger,https://archive.org/details/pbc.gda.pl.Nr_019_76880,archive.org: check the item page for rights,reichsgesetzblatt:ia,undated in archive.org metadata
ia-pbc.gda.pl.Nr_019_77202,archive.org,pbc.gda.pl.Nr_019_77202,"Reichsgesetzblatt : herausgegeben im Reichsministerium des Innern, 1897 nr 19",Verl. d. Gesetzsammlungsamts,,,,full,,ger,https://archive.org/details/pbc.gda.pl.Nr_019_77202,archive.org: check the item page for rights,reichsgesetzblatt:ia,undated in archive.org metadata
ia-pbc.gda.pl.Nr_01_76436,archive.org,pbc.gda.pl.Nr_01_76436,"Reichsgesetzblatt : herausgegeben im Reichsministerium des Innern, 1896, nr 1",Verl. d. Gesetzsammlungsamts,,,,full,,ger,https://archive.org/details/pbc.gda.pl.Nr_01_76436,archive.org: check the item page for rights,reichsgesetzblatt:ia,undated in archive.org metadata
ia-pbc.gda.pl.Nr_01_76537,archive.org,pbc.gda.pl.Nr_01_76537,"Reichsgesetzblatt : herausgegeben im Reichsministerium des Innern, 1891 nr 1",Verl. d. Gesetzsammlungsamts,,,,full,,ger,https://archive.org/details/pbc.gda.pl.Nr_01_76537,archive.org: check the item page for rights,reichsgesetzblatt:ia,undated in archive.org metadata
ia-pbc.gda.pl.Nr_01_76685,archive.org,pbc.gda.pl.Nr_01_76685,"Reichsgesetzblatt : herausgegeben im Reichsministerium des Innern, 1883 nr 1",Verl. d. Gesetzsammlungsamts,,,,full,,ger,https://archive.org/details/pbc.gda.pl.Nr_01_76685,archive.org: check the item page for rights,reichsgesetzblatt:ia,undated in archive.org metadata
ia-pbc.gda.pl.Nr_01_76701,archive.org,pbc.gda.pl.Nr_01_76701,"Reichsgesetzblatt : herausgegeben im Reichsministerium des Innern, 1882 nr 1",Verl. d. Gesetzsammlungsamts,,,,full,,ger,https://archive.org/details/pbc.gda.pl.Nr_01_76701,archive.org: check the item page for rights,reichsgesetzblatt:ia,undated in archive.org metadata
ia-pbc.gda.pl.Nr_01_76751,archive.org,pbc.gda.pl.Nr_01_76751,"Reichsgesetzblatt : herausgegeben im Reichsministerium des Innern, 1892 nr 1",Verl. d. Gesetzsammlungsamts,,,,full,,ger,https://archive.org/details/pbc.gda.pl.Nr_01_76751,archive.org: check the item page for rights,reichsgesetzblatt:ia,undated in archive.org metadata
ia-pbc.gda.pl.Nr_01_76758,archive.org,pbc.gda.pl.Nr_01_76758,"Reichsgesetzblatt : herausgegeben im Reichsministerium des Innern, 1885 nr 1",Verl. d. Gesetzsammlungsamts,,,,full,,ger,https://archive.org/details/pbc.gda.pl.Nr_01_76758,archive.org: check the item page for rights,reichsgesetzblatt:ia,undated in archive.org metadata
ia-pbc.gda.pl.Nr_01_76793,archive.org,pbc.gda.pl.Nr_01_76793,"Reichsgesetzblatt : herausgegeben im Reichsministerium des Innern, 1886 nr 1",Verl. d. Gesetzsammlungsamts,,,,full,,ger,https://archive.org/details/pbc.gda.pl.Nr_01_76793,archive.org: check the item page for rights,reichsgesetzblatt:ia,undated in archive.org metadata
ia-pbc.gda.pl.Nr_01_76951,archive.org,pbc.gda.pl.Nr_01_76951,"Reichsgesetzblatt : herausgegeben im Reichsministerium des Innern, 1893 nr 1",Verl. d. Gesetzsammlungsamts,,,,full,,ger,https://archive.org/details/pbc.gda.pl.Nr_01_76951,archive.org: check the item page for rights,reichsgesetzblatt:ia,undated in archive.org metadata
ia-pbc.gda.pl.Nr_01_76997,archive.org,pbc.gda.pl.Nr_01_76997,"Reichsgesetzblatt : herausgegeben im Reichsministerium des Innern, 1895 nr 1",Verl. d. Gesetzsammlungsamts,,,,full,,ger,https://archive.org/details/pbc.gda.pl.Nr_01_76997,archive.org: check the item page for rights,reichsgesetzblatt:ia,undated in archive.org metadata
ia-pbc.gda.pl.Nr_01_77043,archive.org,pbc.gda.pl.Nr_01_77043,"Reichsgesetzblatt : herausgegeben im Reichsministerium des Innern, 1894 nr 1",Verl. d. Gesetzsammlungsamts,,,,full,,ger,https://archive.org/details/pbc.gda.pl.Nr_01_77043,archive.org: check the item page for rights,reichsgesetzblatt:ia,undated in archive.org metadata
ia-pbc.gda.pl.Nr_01_77092,archive.org,pbc.gda.pl.Nr_01_77092,"Reichsgesetzblatt : herausgegeben im Reichsministerium des Innern, 1889 nr 1",Verl. d. Gesetzsammlungsamts,,,,full,,ger,https://archive.org/details/pbc.gda.pl.Nr_01_77092,archive.org: check the item page for rights,reichsgesetzblatt:ia,undated in archive.org metadata
ia-pbc.gda.pl.Nr_01_77122,archive.org,pbc.gda.pl.Nr_01_77122,"Reichsgesetzblatt : herausgegeben im Reichsministerium des Innern, 1888 nr 1",Verl. d. Gesetzsammlungsamts,,,,full,,ger,https://archive.org/details/pbc.gda.pl.Nr_01_77122,archive.org: check the item page for rights,reichsgesetzblatt:ia,undated in archive.org metadata
ia-pbc.gda.pl.Nr_020_76852,archive.org,pbc.gda.pl.Nr_020_76852,"Reichsgesetzblatt : herausgegeben im Reichsministerium des Innern, 1881 nr 20",Verl. d. Gesetzsammlungsamts,,,,full,,ger,https://archive.org/details/pbc.gda.pl.Nr_020_76852,archive.org: check the item page for rights,reichsgesetzblatt:ia,undated in archive.org metadata
ia-pbc.gda.pl.Nr_020_76881,archive.org,pbc.gda.pl.Nr_020_76881,"Reichsgesetzblatt : herausgegeben im Reichsministerium des Innern, 1879 nr 20",Verl. d. Gesetzsammlungsamts,,,,full,,ger,https://archive.org/details/pbc.gda.pl.Nr_020_76881,archive.org: check the item page for rights,reichsgesetzblatt:ia,undated in archive.org metadata
ia-pbc.gda.pl.Nr_020_77203,archive.org,pbc.gda.pl.Nr_020_77203,"Reichsgesetzblatt : herausgegeben im Reichsministerium des Innern, 1897 nr 20",Verl. d. Gesetzsammlungsamts,,,,full,,ger,https://archive.org/details/pbc.gda.pl.Nr_020_77203,archive.org: check the item page for rights,reichsgesetzblatt:ia,undated in archive.org metadata
ia-pbc.gda.pl.Nr_021_76853,archive.org,pbc.gda.pl.Nr_021_76853,"Reichsgesetzblatt : herausgegeben im Reichsministerium des Innern, 1881 nr 21",Verl. d. Gesetzsammlungsamts,,,,full,,ger,https://archive.org/details/pbc.gda.pl.Nr_021_76853,archive.org: check the item page for rights,reichsgesetzblatt:ia,undated in archive.org metadata
ia-pbc.gda.pl.Nr_021_76882,archive.org,pbc.gda.pl.Nr_021_76882,"Reichsgesetzblatt : herausgegeben im Reichsministerium des Innern, 1879 nr 21",Verl. d. Gesetzsammlungsamts,,,,full,,ger,https://archive.org/details/pbc.gda.pl.Nr_021_76882,archive.org: check the item page for rights,reichsgesetzblatt:ia,undated in archive.org metadata
ia-pbc.gda.pl.Nr_021_77204,archive.org,pbc.gda.pl.Nr_021_77204,"Reichsgesetzblatt : herausgegeben im Reichsministerium des Innern, 1897 nr 21",Verl. d. Gesetzsammlungsamts,,,,full,,ger,https://archive.org/details/pbc.gda.pl.Nr_021_77204,archive.org: check the item page for rights,reichsgesetzblatt:ia,undated in archive.org metadata
ia-pbc.gda.pl.Nr_022_76854,archive.org,pbc.gda.pl.Nr_022_76854,"Reichsgesetzblatt : herausgegeben im Reichsministerium des Innern, 1881 nr 22",Verl. d. Gesetzsammlungsamts,,,,full,,ger,https://archive.org/details/pbc.gda.pl.Nr_022_76854,archive.org: check the item page for rights,reichsgesetzblatt:ia,undated in archive.org metadata
ia-pbc.gda.pl.Nr_022_76883,archive.org,pbc.gda.pl.Nr_022_76883,"Reichsgesetzblatt : herausgegeben im Reichsministerium des Innern, 1879 nr 22",Verl. d. Gesetzsammlungsamts,,,,full,,ger,https://archive.org/details/pbc.gda.pl.Nr_022_76883,archive.org: check the item page for rights,reichsgesetzblatt:ia,undated in archive.org metadata
ia-pbc.gda.pl.Nr_022_77205,archive.org,pbc.gda.pl.Nr_022_77205,"Reichsgesetzblatt : herausgegeben im Reichsministerium des Innern, 1897 nr 22",Verl. d. Gesetzsammlungsamts,,,,full,,ger,https://archive.org/details/pbc.gda.pl.Nr_022_77205,archive.org: check the item page for rights,reichsgesetzblatt:ia,undated in archive.org metadata
ia-pbc.gda.pl.Nr_023_76855,archive.org,pbc.gda.pl.Nr_023_76855,"Reichsgesetzblatt : herausgegeben im Reichsministerium des Innern, 1881 nr 23",Verl. d. Gesetzsammlungsamts,,,,full,,ger,https://archive.org/details/pbc.gda.pl.Nr_023_76855,archive.org: check the item page for rights,reichsgesetzblatt:ia,undated in archive.org metadata
ia-pbc.gda.pl.Nr_023_76884,archive.org,pbc.gda.pl.Nr_023_76884,"Reichsgesetzblatt : herausgegeben im Reichsministerium des Innern, 1879 nr 23",Verl. d. Gesetzsammlungsamts,,,,full,,ger,https://archive.org/details/pbc.gda.pl.Nr_023_76884,archive.org: check the item page for rights,reichsgesetzblatt:ia,undated in archive.org metadata
ia-pbc.gda.pl.Nr_023_77272,archive.org,pbc.gda.pl.Nr_023_77272,"Reichsgesetzblatt : herausgegeben im Reichsministerium des Innern, 1897 nr 23",Verl. d. Gesetzsammlungsamts,,,,full,,ger,https://archive.org/details/pbc.gda.pl.Nr_023_77272,archive.org: check the item page for rights,reichsgesetzblatt:ia,undated in archive.org metadata
ia-pbc.gda.pl.Nr_024_76856,archive.org,pbc.gda.pl.Nr_024_76856,"Reichsgesetzblatt : herausgegeben im Reichsministerium des Innern, 1881 nr 24",Verl. d. Gesetzsammlungsamts,,,,full,,ger,https://archive.org/details/pbc.gda.pl.Nr_024_76856,archive.org: check the item page for rights,reichsgesetzblatt:ia,undated in archive.org metadata
ia-pbc.gda.pl.Nr_024_76885,archive.org,pbc.gda.pl.Nr_024_76885,"Reichsgesetzblatt : herausgegeben im Reichsministerium des Innern, 1879 nr 24",Verl. d. Gesetzsammlungsamts,,,,full,,ger,https://archive.org/details/pbc.gda.pl.Nr_024_76885,archive.org: check the item page for rights,reichsgesetzblatt:ia,undated in archive.org metadata
ia-pbc.gda.pl.Nr_024_77206,archive.org,pbc.gda.pl.Nr_024_77206,"Reichsgesetzblatt : herausgegeben im Reichsministerium des Innern, 1897 nr 24",Verl. d. Gesetzsammlungsamts,,,,full,,ger,https://archive.org/details/pbc.gda.pl.Nr_024_77206,archive.org: check the item page for rights,reichsgesetzblatt:ia,undated in archive.org metadata
ia-pbc.gda.pl.Nr_025_76857,archive.org,pbc.gda.pl.Nr_025_76857,"Reichsgesetzblatt : herausgegeben im Reichsministerium des Innern, 1881 nr 25",Verl. d. Gesetzsammlungsamts,,,,full,,ger,https://archive.org/details/pbc.gda.pl.Nr_025_76857,archive.org: check the item page for rights,reichsgesetzblatt:ia,undated in archive.org metadata
ia-pbc.gda.pl.Nr_025_76886,archive.org,pbc.gda.pl.Nr_025_76886,"Reichsgesetzblatt : herausgegeben im Reichsministerium des Innern, 1879 nr 25",Verl. d. Gesetzsammlungsamts,,,,full,,ger,https://archive.org/details/pbc.gda.pl.Nr_025_76886,archive.org: check the item page for rights,reichsgesetzblatt:ia,undated in archive.org metadata
ia-pbc.gda.pl.Nr_025_77207,archive.org,pbc.gda.pl.Nr_025_77207,"Reichsgesetzblatt : herausgegeben im Reichsministerium des Innern, 1897 nr 25",Verl. d. Gesetzsammlungsamts,,,,full,,ger,https://archive.org/details/pbc.gda.pl.Nr_025_77207,archive.org: check the item page for rights,reichsgesetzblatt:ia,undated in archive.org metadata
ia-pbc.gda.pl.Nr_026_76858,archive.org,pbc.gda.pl.Nr_026_76858,"Reichsgesetzblatt : herausgegeben im Reichsministerium des Innern, 1881 nr 26",Verl. d. Gesetzsammlungsamts,,,,full,,ger,https://archive.org/details/pbc.gda.pl.Nr_026_76858,archive.org: check the item page for rights,reichsgesetzblatt:ia,undated in archive.org metadata
ia-pbc.gda.pl.Nr_026_76887,archive.org,pbc.gda.pl.Nr_026_76887,"Reichsgesetzblatt : herausgegeben im Reichsministerium des Innern, 1879 nr 26",Verl. d. Gesetzsammlungsamts,,,,full,,ger,https://archive.org/details/pbc.gda.pl.Nr_026_76887,archive.org: check the item page for rights,reichsgesetzblatt:ia,undated in archive.org metadata
ia-pbc.gda.pl.Nr_026_77208,archive.org,pbc.gda.pl.Nr_026_77208,"Reichsgesetzblatt : herausgegeben im Reichsministerium des Innern, 1897 nr 26",Verl. d. Gesetzsammlungsamts,,,,full,,ger,https://archive.org/details/pbc.gda.pl.Nr_026_77208,archive.org: check the item page for rights,reichsgesetzblatt:ia,undated in archive.org metadata
ia-pbc.gda.pl.Nr_027_76859,archive.org,pbc.gda.pl.Nr_027_76859,"Reichsgesetzblatt : herausgegeben im Reichsministerium des Innern, 1881 nr 27",Verl. d. Gesetzsammlungsamts,,,,full,,ger,https://archive.org/details/pbc.gda.pl.Nr_027_76859,archive.org: check the item page for rights,reichsgesetzblatt:ia,undated in archive.org metadata
ia-pbc.gda.pl.Nr_027_76888,archive.org,pbc.gda.pl.Nr_027_76888,"Reichsgesetzblatt : herausgegeben im Reichsministerium des Innern, 1879 nr 27",Verl. d. Gesetzsammlungsamts,,,,full,,ger,https://archive.org/details/pbc.gda.pl.Nr_027_76888,archive.org: check the item page for rights,reichsgesetzblatt:ia,undated in archive.org metadata
ia-pbc.gda.pl.Nr_027_77209,archive.org,pbc.gda.pl.Nr_027_77209,"Reichsgesetzblatt : herausgegeben im Reichsministerium des Innern, 1897 nr 27",Verl. d. Gesetzsammlungsamts,,,,full,,ger,https://archive.org/details/pbc.gda.pl.Nr_027_77209,archive.org: check the item page for rights,reichsgesetzblatt:ia,undated in archive.org metadata
ia-pbc.gda.pl.Nr_028_76860,archive.org,pbc.gda.pl.Nr_028_76860,"Reichsgesetzblatt : herausgegeben im Reichsministerium des Innern, 1881 nr 28",Verl. d. Gesetzsammlungsamts,,,,full,,ger,https://archive.org/details/pbc.gda.pl.Nr_028_76860,archive.org: check the item page for rights,reichsgesetzblatt:ia,undated in archive.org metadata
ia-pbc.gda.pl.Nr_028_76889,archive.org,pbc.gda.pl.Nr_028_76889,"Reichsgesetzblatt : herausgegeben im Reichsministerium des Innern, 1879 nr 28",Verl. d. Gesetzsammlungsamts,,,,full,,ger,https://archive.org/details/pbc.gda.pl.Nr_028_76889,archive.org: check the item page for rights,reichsgesetzblatt:ia,undated in archive.org metadata
ia-pbc.gda.pl.Nr_028_77210,archive.org,pbc.gda.pl.Nr_028_77210,"Reichsgesetzblatt : herausgegeben im Reichsministerium des Innern, 1897 nr 28",Verl. d. Gesetzsammlungsamts,,,,full,,ger,https://archive.org/details/pbc.gda.pl.Nr_028_77210,archive.org: check the item page for rights,reichsgesetzblatt:ia,undated in archive.org metadata
ia-pbc.gda.pl.Nr_029_76861,archive.org,pbc.gda.pl.Nr_029_76861,"Reichsgesetzblatt : herausgegeben im Reichsministerium des Innern, 1881 nr 29",Verl. d. Gesetzsammlungsamts,,,,full,,ger,https://archive.org/details/pbc.gda.pl.Nr_029_76861,archive.org: check the item page for rights,reichsgesetzblatt:ia,undated in archive.org metadata
ia-pbc.gda.pl.Nr_029_76890,archive.org,pbc.gda.pl.Nr_029_76890,"Reichsgesetzblatt : herausgegeben im Reichsministerium des Innern, 1879 nr 29",Verl. d. Gesetzsammlungsamts,,,,full,,ger,https://archive.org/details/pbc.gda.pl.Nr_029_76890,archive.org: check the item page for rights,reichsgesetzblatt:ia,undated in archive.org metadata
ia-pbc.gda.pl.Nr_029_77211,archive.org,pbc.gda.pl.Nr_029_77211,"Reichsgesetzblatt : herausgegeben im Reichsministerium des Innern, 1897 nr 29",Verl. d. Gesetzsammlungsamts,,,,full,,ger,https://archive.org/details/pbc.gda.pl.Nr_029_77211,archive.org: check the item page for rights,reichsgesetzblatt:ia,undated in archive.org metadata
ia-pbc.gda.pl.Nr_02_76437,archive.org,pbc.gda.pl.Nr_02_76437,"Reichsgesetzblatt : herausgegeben im Reichsministerium des Innern, 1896, nr 2",Verl. d. Gesetzsammlungsamts,,,,full,,ger,https://archive.org/details/pbc.gda.pl.Nr_02_76437,archive.org: check the item page for rights,reichsgesetzblatt:ia,undated in archive.org metadata
ia-pbc.gda.pl.Nr_02_76538,archive.org,pbc.gda.pl.Nr_02_76538,"Reichsgesetzblatt : herausgegeben im Reichsministerium des Innern, 1891 nr 2",Verl. d. Gesetzsammlungsamts,,,,full,,ger,https://archive.org/details/pbc.gda.pl.Nr_02_76538,archive.org: check the item page for rights,reichsgesetzblatt:ia,undated in archive.org metadata
ia-pbc.gda.pl.Nr_02_76559,archive.org,pbc.gda.pl.Nr_02_76559,"Reichsgesetzblatt : herausgegeben im Reichsministerium des Innern, 1878 nr 2",Verl. d. Gesetzsammlungsamts,,,,full,,ger,https://archive.org/details/pbc.gda.pl.Nr_02_76559,archive.org: check the item page for rights,reichsgesetzblatt:ia,undated in archive.org metadata
ia-pbc.gda.pl.Nr_02_76666,archive.org,pbc.gda.pl.Nr_02_76666,"Reichsgesetzblatt : herausgegeben im Reichsministerium des Innern, 1882, nr 2",Verl. d. Gesetzsammlungsamts,,,,full,,ger,https://archive.org/details/pbc.gda.pl.Nr_02_76666,archive.org: check the item page for rights,reichsgesetzblatt:ia,undated in archive.org metadata
ia-pbc.gda.pl.Nr_02_76686,archive.org,pbc.gda.pl.Nr_02_76686,"Reichsgesetzblatt : herausgegeben im Reichsministerium des Innern, 1883 nr 2",Verl. d. Gesetzsammlungsamts,,,,full,,ger,https://archive.org/details/pbc.gda.pl.Nr_02_76686,archive.org: check the item page for rights,reichsgesetzblatt:ia,undated in archive.org metadata
ia-pbc.gda.pl.Nr_02_76752,archive.org,pbc.gda.pl.Nr_02_76752,"Reichsgesetzblatt : herausgegeben im Reichsministerium des Innern, 1892 nr 2",Verl. d. Gesetzsammlungsamts,,,,full,,ger,https://archive.org/details/pbc.gda.pl.Nr_02_76752,archive.org: check the item page for rights,reichsgesetzblatt:ia,undated in archive.org metadata
ia-pbc.gda.pl.Nr_02_76759,archive.org,pbc.gda.pl.Nr_02_76759,"Reichsgesetzblatt : herausgegeben im Reichsministerium des Innern, 1885 nr 2",Verl. d. Gesetzsammlungsamts,,,,full,,ger,https://archive.org/details/pbc.gda.pl.Nr_02_76759,archive.org: check the item page for rights,reichsgesetzblatt:ia,undated in archive.org metadata
ia-pbc.gda.pl.Nr_02_76794,archive.org,pbc.gda.pl.Nr_02_76794,"Reichsgesetzblatt : herausgegeben im Reichsministerium des Innern, 1886 nr 2",Verl. d. Gesetzsammlungsamts,,,,full,,ger,https://archive.org/details/pbc.gda.pl.Nr_02_76794,archive.org: check the item page for rights,reichsgesetzblatt:ia,undated in archive.org metadata
ia-pbc.gda.pl.Nr_02_76953,archive.org,pbc.gda.pl.Nr_02_76953,"Reichsgesetzblatt : herausgegeben im Reichsministerium des Innern, 1893 nr 2",Verl. d. Gesetzsammlungsamts,,,,full,,ger,https://archive.org/details/pbc.gda.pl.Nr_02_76953,archive.org: check the item page for rights,reichsgesetzblatt:ia,undated in archive.org metadata
ia-pbc.gda.pl.Nr_02_76998,archive.org,pbc.gda.pl.Nr_02_76998,"Reichsgesetzblatt : herausgegeben im Reichsministerium des Innern, 1895 nr 2",Verl. d. Gesetzsammlungsamts,,,,full,,ger,https://archive.org/details/pbc.gda.pl.Nr_02_76998,archive.org: check the item page for rights,reichsgesetzblatt:ia,undated in archive.org metadata
ia-pbc.gda.pl.Nr_02_77044,archive.org,pbc.gda.pl.Nr_02_77044,"Reichsgesetzblatt : herausgegeben im Reichsministerium des Innern, 1894 nr 2",Verl. d. Gesetzsammlungsamts,,,,full,,ger,https://archive.org/details/pbc.gda.pl.Nr_02_77044,archive.org: check the item page for rights,reichsgesetzblatt:ia,undated in archive.org metadata
ia-pbc.gda.pl.Nr_02_77093,archive.org,pbc.gda.pl.Nr_02_77093,"Reichsgesetzblatt : herausgegeben im Reichsministerium des Innern, 1889 nr 2",Verl. d. Gesetzsammlungsamts,,,,full,,ger,https://archive.org/details/pbc.gda.pl.Nr_02_77093,archive.org: check the item page for rights,reichsgesetzblatt:ia,undated in archive.org metadata
ia-pbc.gda.pl.Nr_02_77123,archive.org,pbc.gda.pl.Nr_02_77123,"Reichsgesetzblatt : herausgegeben im Reichsministerium des Innern, 1888 nr 2",Verl. d. Gesetzsammlungsamts,,,,full,,ger,https://archive.org/details/pbc.gda.pl.Nr_02_77123,archive.org: check the item page for rights,reichsgesetzblatt:ia,undated in archive.org metadata
ia-pbc.gda.pl.Nr_030_76891,archive.org,pbc.gda.pl.Nr_030_76891,"Reichsgesetzblatt : herausgegeben im Reichsministerium des Innern, 1879 nr 30",Verl. d. Gesetzsammlungsamts,,,,full,,ger,https://archive.org/details/pbc.gda.pl.Nr_030_76891,archive.org: check the item page for rights,reichsgesetzblatt:ia,undated in archive.org metadata
ia-pbc.gda.pl.Nr_030_77212,archive.org,pbc.gda.pl.Nr_030_77212,"Reichsgesetzblatt : herausgegeben im Reichsministerium des Innern, 1897 nr 30",Verl. d. Gesetzsammlungsamts,,,,full,,ger,https://archive.org/details/pbc.gda.pl.Nr_030_77212,archive.org: check the item page for rights,reichsgesetzblatt:ia,undated in archive.org metadata
ia-pbc.gda.pl.Nr_031_76892,archive.org,pbc.gda.pl.Nr_031_76892,"Reichsgesetzblatt : herausgegeben im Reichsministerium des Innern, 1879 nr 31",Verl. d. Gesetzsammlungsamts,,,,full,,ger,https://archive.org/details/pbc.gda.pl.Nr_031_76892,archive.org: check the item page for rights,reichsgesetzblatt:ia,undated in archive.org metadata
ia-pbc.gda.pl.Nr_031_77213,archive.org,pbc.gda.pl.Nr_031_77213,"Reichsgesetzblatt : herausgegeben im Reichsministerium des Innern, 1897 nr 31",Verl. d. Gesetzsammlungsamts,,,,full,,ger,https://archive.org/details/pbc.gda.pl.Nr_031_77213,archive.org: check the item page for rights,reichsgesetzblatt:ia,undated in archive.org metadata
ia-pbc.gda.pl.Nr_032_76893,archive.org,pbc.gda.pl.Nr_032_76893,"Reichsgesetzblatt : herausgegeben im Reichsministerium des Innern, 1879 nr 32",Verl. d. Gesetzsammlungsamts,,,,full,,ger,https://archive.org/details/pbc.gda.pl.Nr_032_76893,archive.org: check the item page for rights,reichsgesetzblatt:ia,undated in archive.org metadata
ia-pbc.gda.pl.Nr_032_77215,archive.org,pbc.gda.pl.Nr_032_77215,"Reichsgesetzblatt : herausgegeben im Reichsministerium des Innern, 1897 nr 32",Verl. d. Gesetzsammlungsamts,,,,full,,ger,https://archive.org/details/pbc.gda.pl.Nr_032_77215,archive.org: check the item page for rights,reichsgesetzblatt:ia,undated in archive.org metadata
ia-pbc.gda.pl.Nr_033_76894,archive.org,pbc.gda.pl.Nr_033_76894,"Reichsgesetzblatt : herausgegeben im Reichsministerium des Innern, 1879 nr 33",Verl. d. Gesetzsammlungsamts,,,,full,,ger,https://archive.org/details/pbc.gda.pl.Nr_033_76894,archive.org: check the item page for rights,reichsgesetzblatt:ia,undated in archive.org metadata
ia-pbc.gda.pl.Nr_033_77216,archive.org,pbc.gda.pl.Nr_033_77216,"Reichsgesetzblatt : herausgegeben im Reichsministerium des Innern, 1897 nr 33",Verl. d. Gesetzsammlungsamts,,,,full,,ger,https://archive.org/details/pbc.gda.pl.Nr_033_77216,archive.org: check the item page for rights,reichsgesetzblatt:ia,undated in archive.org metadata
ia-pbc.gda.pl.Nr_034_76895,archive.org,pbc.gda.pl.Nr_034_76895,"Reichsgesetzblatt : herausgegeben im Reichsministerium des Innern, 1879 nr 34",Verl. d. Gesetzsammlungsamts,,,,full,,ger,https://archive.org/details/pbc.gda.pl.Nr_034_76895,archive.org: check the item page for rights,reichsgesetzblatt:ia,undated in archive.org metadata
ia-pbc.gda.pl.Nr_034_77217,archive.org,pbc.gda.pl.Nr_034_77217,"Reichsgesetzblatt : herausgegeben im Reichsministerium des Innern, 1897 nr 34",Verl. d. Gesetzsammlungsamts,,,,full,,ger,https://archive.org/details/pbc.gda.pl.Nr_034_77217,archive.org: check the item page for rights,reichsgesetzblatt:ia,undated in archive.org metadata
ia-pbc.gda.pl.Nr_035_76896,archive.org,pbc.gda.pl.Nr_035_76896,"Reichsgesetzblatt : herausgegeben im Reichsministerium des Innern, 1879 nr 35",Verl. d. Gesetzsammlungsamts,,,,full,,ger,https://archive.org/details/pbc.gda.pl.Nr_035_76896,archive.org: check the item page for rights,reichsgesetzblatt:ia,undated in archive.org metadata
ia-pbc.gda.pl.Nr_035_77218,archive.org,pbc.gda.pl.Nr_035_77218,"Reichsgesetzblatt : herausgegeben im Reichsministerium des Innern, 1897 nr 35",Verl. d. Gesetzsammlungsamts,,,,full,,ger,https://archive.org/details/pbc.gda.pl.Nr_035_77218,archive.org: check the item page for rights,reichsgesetzblatt:ia,undated in archive.org metadata
ia-pbc.gda.pl.Nr_036_76897,archive.org,pbc.gda.pl.Nr_036_76897,"Reichsgesetzblatt : herausgegeben im Reichsministerium des Innern, 1879 nr 36",Verl. d. Gesetzsammlungsamts,,,,full,,ger,https://archive.org/details/pbc.gda.pl.Nr_036_76897,archive.org: check the item page for rights,reichsgesetzblatt:ia,undated in archive.org metadata
ia-pbc.gda.pl.Nr_036_77273,archive.org,pbc.gda.pl.Nr_036_77273,"Reichsgesetzblatt : herausgegeben im Reichsministerium des Innern, 1897 nr 36",Verl. d. Gesetzsammlungsamts,,,,full,,ger,https://archive.org/details/pbc.gda.pl.Nr_036_77273,archive.org: check the item page for rights,reichsgesetzblatt:ia,undated in archive.org metadata
ia-pbc.gda.pl.Nr_037_76898,archive.org,pbc.gda.pl.Nr_037_76898,"Reichsgesetzblatt : herausgegeben im Reichsministerium des Innern, 1879 nr 37",Verl. d. Gesetzsammlungsamts,,,,full,,ger,https://archive.org/details/pbc.gda.pl.Nr_037_76898,archive.org: check the item page for rights,reichsgesetzblatt:ia,undated in archive.org metadata
ia-pbc.gda.pl.Nr_037_77236,archive.org,pbc.gda.pl.Nr_037_77236,"Reichsgesetzblatt : herausgegeben im Reichsministerium des Innern, 1897 nr 37",Verl. d. Gesetzsammlungsamts,,,,full,,ger,https://archive.org/details/pbc.gda.pl.Nr_037_77236,archive.org: check the item page for rights,reichsgesetzblatt:ia,undated in archive.org metadata
ia-pbc.gda.pl.Nr_038_77219,archive.org,pbc.gda.pl.Nr_038_77219,"Reichsgesetzblatt : herausgegeben im Reichsministerium des Innern, 1897 nr 38",Verl. d. Gesetzsammlungsamts,,,,full,,ger,https://archive.org/details/pbc.gda.pl.Nr_038_77219,archive.org: check the item page for rights,reichsgesetzblatt:ia,undated in archive.org metadata
ia-pbc.gda.pl.Nr_039_77220,archive.org,pbc.gda.pl.Nr_039_77220,"Reichsgesetzblatt : herausgegeben im Reichsministerium des Innern, 1897 nr 39",Verl. d. Gesetzsammlungsamts,,,,full,,ger,https://archive.org/details/pbc.gda.pl.Nr_039_77220,archive.org: check the item page for rights,reichsgesetzblatt:ia,undated in archive.org metadata
ia-pbc.gda.pl.Nr_03_76438,archive.org,pbc.gda.pl.Nr_03_76438,"Reichsgesetzblatt : herausgegeben im Reichsministerium des Innern, 1896, nr 3",Verl. d. Gesetzsammlungsamts,,,,full,,ger,https://archive.org/details/pbc.gda.pl.Nr_03_76438,archive.org: check the item page for rights,reichsgesetzblatt:ia,undated in archive.org metadata
ia-pbc.gda.pl.Nr_03_76539,archive.org,pbc.gda.pl.Nr_03_76539,"Reichsgesetzblatt : herausgegeben im Reichsministerium des Innern, 1891 nr 3",Verl. d. Gesetzsammlungsamts,,,,full,,ger,https://archive.org/details/pbc.gda.pl.Nr_03_76539,archive.org: check the item page for rights,reichsgesetzblatt:ia,undated in archive.org metadata
ia-pbc.gda.pl.Nr_03_76560,archive.org,pbc.gda.pl.Nr_03_76560,"Reichsgesetzblatt : herausgegeben im Reichsministerium des Innern, 1878 nr 3",Verl. d. Gesetzsammlungsamts,,,,full,,ger,https://archive.org/details/pbc.gda.pl.Nr_03_76560,archive.org: check the item page for rights,reichsgesetzblatt:ia,undated in archive.org metadata
ia-pbc.gda.pl.Nr_03_76667,archive.org,pbc.gda.pl.Nr_03_76667,"Reichsgesetzblatt : herausgegeben im Reichsministerium des Innern, 1882, nr 3",Verl. d. Gesetzsammlungsamts,,,,full,,ger,https://archive.org/details/pbc.gda.pl.Nr_03_76667,archive.org: check the item page for rights,reichsgesetzblatt:ia,undated in archive.org metadata
ia-pbc.gda.pl.Nr_03_76687,archive.org,pbc.gda.pl.Nr_03_76687,"Reichsgesetzblatt : herausgegeben im Reichsministerium des Innern, 1883 nr 3",Verl. d. Gesetzsammlungsamts,,,,full,,ger,https://archive.org/details/pbc.gda.pl.Nr_03_76687,archive.org: check the item page for rights,reichsgesetzblatt:ia,undated in archive.org metadata
ia-pbc.gda.pl.Nr_03_76753,archive.org,pbc.gda.pl.Nr_03_76753,"Reichsgesetzblatt : herausgegeben im Reichsministerium des Innern, 1892 nr 3",Verl. d. Gesetzsammlungsamts,,,,full,,ger,https://archive.org/details/pbc.gda.pl.Nr_03_76753,archive.org: check the item page for rights,reichsgesetzblatt:ia,undated in archive.org metadata
ia-pbc.gda.pl.Nr_03_76760,archive.org,pbc.gda.pl.Nr_03_76760,"Reichsgesetzblatt : herausgegeben im Reichsministerium des Innern, 1885 nr 3",Verl. d. Gesetzsammlungsamts,,,,full,,ger,https://archive.org/details/pbc.gda.pl.Nr_03_76760,archive.org: check the item page for rights,reichsgesetzblatt:ia,undated in archive.org metadata
ia-pbc.gda.pl.Nr_03_76795,archive.org,pbc.gda.pl.Nr_03_76795,"Reichsgesetzblatt : herausgegeben im Reichsministerium des Innern, 1886 nr 3",Verl. d. Gesetzsammlungsamts,,,,full,,ger,https://archive.org/details/pbc.gda.pl.Nr_03_76795,archive.org: check the item page for rights,reichsgesetzblatt:ia,undated in archive.org metadata
ia-pbc.gda.pl.Nr_03_76954,archive.org,pbc.gda.pl.Nr_03_76954,"Reichsgesetzblatt : herausgegeben im Reichsministerium des Innern, 1893 nr 3",Verl. d. Gesetzsammlungsamts,,,,full,,ger,https://archive.org/details/pbc.gda.pl.Nr_03_76954,archive.org: check the item page for rights,reichsgesetzblatt:ia,undated in archive.org metadata
ia-pbc.gda.pl.Nr_03_76999,archive.org,pbc.gda.pl.Nr_03_76999,"Reichsgesetzblatt : herausgegeben im Reichsministerium des Innern, 1895 nr 3",Verl. d. Gesetzsammlungsamts,,,,full,,ger,https://archive.org/details/pbc.gda.pl.Nr_03_76999,archive.org: check the item page for rights,reichsgesetzblatt:ia,undated in archive.org metadata
ia-pbc.gda.pl.Nr_03_77045,archive.org,pbc.gda.pl.Nr_03_77045,"Reichsgesetzblatt : herausgegeben im Reichsministerium des Innern, 1894 nr 3",Verl. d. Gesetzsammlungsamts,,,,full,,ger,https://archive.org/details/pbc.gda.pl.Nr_03_77045,archive.org: check the item page for rights,reichsgesetzblatt:ia,undated in archive.org metadata
ia-pbc.gda.pl.Nr_03_77094,archive.org,pbc.gda.pl.Nr_03_77094,"Reichsgesetzblatt : herausgegeben im Reichsministerium des Innern, 1889 nr 3",Verl. d. Gesetzsammlungsamts,,,,full,,ger,https://archive.org/details/pbc.gda.pl.Nr_03_77094,archive.org: check the item page for rights,reichsgesetzblatt:ia,undated in archive.org metadata
ia-pbc.gda.pl.Nr_03_77124,archive.org,pbc.gda.pl.Nr_03_77124,"Reichsgesetzblatt : herausgegeben im Reichsministerium des Innern, 1888 nr 3",Verl. d. Gesetzsammlungsamts,,,,full,,ger,https://archive.org/details/pbc.gda.pl.Nr_03_77124,archive.org: check the item page for rights,reichsgesetzblatt:ia,undated in archive.org metadata
ia-pbc.gda.pl.Nr_040_77221,archive.org,pbc.gda.pl.Nr_040_77221,"Reichsgesetzblatt : herausgegeben im Reichsministerium des Innern, 1897 nr 40",Verl. d. Gesetzsammlungsamts,,,,full,,ger,https://archive.org/details/pbc.gda.pl.Nr_040_77221,archive.org: check the item page for rights,reichsgesetzblatt:ia,undated in archive.org metadata
ia-pbc.gda.pl.Nr_041_77222,archive.org,pbc.gda.pl.Nr_041_77222,"Reichsgesetzblatt : herausgegeben im Reichsministerium des Innern, 1897 nr 41",Verl. d. Gesetzsammlungsamts,,,,full,,ger,https://archive.org/details/pbc.gda.pl.Nr_041_77222,archive.org: check the item page for rights,reichsgesetzblatt:ia,undated in archive.org metadata
ia-pbc.gda.pl.Nr_042_77223,archive.org,pbc.gda.pl.Nr_042_77223,"Reichsgesetzblatt : herausgegeben im Reichsministerium des Innern, 1897 nr 42",Verl. d. Gesetzsammlungsamts,,,,full,,ger,https://archive.org/details/pbc.gda.pl.Nr_042_77223,archive.org: check the item page for rights,reichsgesetzblatt:ia,undated in archive.org metadata
ia-pbc.gda.pl.Nr_043_77224,archive.org,pbc.gda.pl.Nr_043_77224,"Reichsgesetzblatt : herausgegeben im Reichsministerium des Innern, 1897 nr 43",Verl. d. Gesetzsammlungsamts,,,,full,,ger,https://archive.org/details/pbc.gda.pl.Nr_043_77224,archive.org: check the item page for rights,reichsgesetzblatt:ia,undated in archive.org metadata
ia-pbc.gda.pl.Nr_044_77225,archive.org,pbc.gda.pl.Nr_044_77225,"Reichsgesetzblatt : herausgegeben im Reichsministerium des Innern, 1897 nr 44",Verl. d. Gesetzsammlungsamts,,,,full,,ger,https://archive.org/details/pbc.gda.pl.Nr_044_77225,archive.org: check the item page for rights,reichsgesetzblatt:ia,undated in archive.org metadata
ia-pbc.gda.pl.Nr_045_77226,archive.org,pbc.gda.pl.Nr_045_77226,"Reichsgesetzblatt : herausgegeben im Reichsministerium des Innern, 1897 nr 45",Verl. d. Gesetzsammlungsamts,,,,full,,ger,https://archive.org/details/pbc.gda.pl.Nr_045_77226,archive.org: check the item page for rights,reichsgesetzblatt:ia,undated in archive.org metadata
ia-pbc.gda.pl.Nr_046_77227,archive.org,pbc.gda.pl.Nr_046_77227,"Reichsgesetzblatt : herausgegeben im Reichsministerium des Innern, 1897 nr 46",Verl. d. Gesetzsammlungsamts,,,,full,,ger,https://archive.org/details/pbc.gda.pl.Nr_046_77227,archive.org: check the item page for rights,reichsgesetzblatt:ia,undated in archive.org metadata
ia-pbc.gda.pl.Nr_047_77228,archive.org,pbc.gda.pl.Nr_047_77228,"Reichsgesetzblatt : herausgegeben im Reichsministerium des Innern, 1897 nr 47",Verl. d. Gesetzsammlungsamts,,,,full,,ger,https://archive.org/details/pbc.gda.pl.Nr_047_77228,archive.org: check the item page for rights,reichsgesetzblatt:ia,undated in archive.org metadata
ia-pbc.gda.pl.Nr_048_77229,archive.org,pbc.gda.pl.Nr_048_77229,"Reichsgesetzblatt : herausgegeben im Reichsministerium des Innern, 1897 nr 48",Verl. d. Gesetzsammlungsamts,,,,full,,ger,https://archive.org/details/pbc.gda.pl.Nr_048_77229,archive.org: check the item page for rights,reichsgesetzblatt:ia,undated in archive.org metadata
ia-pbc.gda.pl.Nr_049_77230,archive.org,pbc.gda.pl.Nr_049_77230,"Reichsgesetzblatt : herausgegeben im Reichsministerium des Innern, 1897 nr 49",Verl. d. Gesetzsammlungsamts,,,,full,,ger,https://archive.org/details/pbc.gda.pl.Nr_049_77230,archive.org: check the item page for rights,reichsgesetzblatt:ia,undated in archive.org metadata
ia-pbc.gda.pl.Nr_04_76439,archive.org,pbc.gda.pl.Nr_04_76439,"Reichsgesetzblatt : herausgegeben im Reichsministerium des Innern, 1896, nr 4",Verl. d. Gesetzsammlungsamts,,,,full,,ger,https://archive.org/details/pbc.gda.pl.Nr_04_76439,archive.org: check the item page for rights,reichsgesetzblatt:ia,undated in archive.org metadata
ia-pbc.gda.pl.Nr_04_76540,archive.org,pbc.gda.pl.Nr_04_76540,"Reichsgesetzblatt : herausgegeben im Reichsministerium des Innern, 1891 nr 4",Verl. d. Gesetzsammlungsamts,,,,full,,ger,https://archive.org/details/pbc.gda.pl.Nr_04_76540,archive.org: check the item page for rights,reichsgesetzblatt:ia,undated in archive.org metadata
ia-pbc.gda.pl.Nr_04_76561,archive.org,pbc.gda.pl.Nr_04_76561,"Reichsgesetzblatt : herausgegeben im Reichsministerium des Innern, 1878 nr 4",Verl. d. Gesetzsammlungsamts,,,,full,,ger,https://archive.org/details/pbc.gda.pl.Nr_04_76561,archive.org: check the item page for rights,reichsgesetzblatt:ia,undated in archive.org metadata
ia-pbc.gda.pl.Nr_04_76668,archive.org,pbc.gda.pl.Nr_04_76668,"Reichsgesetzblatt : herausgegeben im Reichsministerium des Innern, 1882, nr 4",Verl. d. Gesetzsammlungsamts,,,,full,,ger,https://archive.org/details/pbc.gda.pl.Nr_04_76668,archive.org: check the item page for rights,reichsgesetzblatt:ia,undated in archive.org metadata
ia-pbc.gda.pl.Nr_04_76688,archive.org,pbc.gda.pl.Nr_04_76688,"Reichsgesetzblatt : herausgegeben im Reichsministerium des Innern, 1883 nr 4",Verl. d. Gesetzsammlungsamts,,,,full,,ger,https://archive.org/details/pbc.gda.pl.Nr_04_76688,archive.org: check the item page for rights,reichsgesetzblatt:ia,undated in archive.org metadata
ia-pbc.gda.pl.Nr_04_76754,archive.org,pbc.gda.pl.Nr_04_76754,"Reichsgesetzblatt : herausgegeben im Reichsministerium des Innern, 1892 nr 4",Verl. d. Gesetzsammlungsamts,,,,full,,ger,https://archive.org/details/pbc.gda.pl.Nr_04_76754,archive.org: check the item page for rights,reichsgesetzblatt:ia,undated in archive.org metadata
ia-pbc.gda.pl.Nr_04_76761,archive.org,pbc.gda.pl.Nr_04_76761,"Reichsgesetzblatt : herausgegeben im Reichsministerium des Innern, 1885 nr 4",Verl. d. Gesetzsammlungsamts,,,,full,,ger,https://archive.org/details/pbc.gda.pl.Nr_04_76761,archive.org: check the item page for rights,reichsgesetzblatt:ia,undated in archive.org metadata
ia-pbc.gda.pl.Nr_04_76796,archive.org,pbc.gda.pl.Nr_04_76796,"Reichsgesetzblatt : herausgegeben im Reichsministerium des Innern, 1886 nr 4",Verl. d. Gesetzsammlungsamts,,,,full,,ger,https://archive.org/details/pbc.gda.pl.Nr_04_76796,archive.org: check the item page for rights,reichsgesetzblatt:ia,undated in archive.org metadata
ia-pbc.gda.pl.Nr_04_76955,archive.org,pbc.gda.pl.Nr_04_76955,"Reichsgesetzblatt : herausgegeben im Reichsministerium des Innern, 1893 nr 4",Verl. d. Gesetzsammlungsamts,,,,full,,ger,https://archive.org/details/pbc.gda.pl.Nr_04_76955,archive.org: check the item page for rights,reichsgesetzblatt:ia,undated in archive.org metadata
ia-pbc.gda.pl.Nr_04_77000,archive.org,pbc.gda.pl.Nr_04_77000,"Reichsgesetzblatt : herausgegeben im Reichsministerium des Innern, 1895 nr 4",Verl. d. Gesetzsammlungsamts,,,,full,,ger,https://archive.org/details/pbc.gda.pl.Nr_04_77000,archive.org: check the item page for rights,reichsgesetzblatt:ia,undated in archive.org metadata
ia-pbc.gda.pl.Nr_04_77046,archive.org,pbc.gda.pl.Nr_04_77046,"Reichsgesetzblatt : herausgegeben im Reichsministerium des Innern, 1894 nr 4",Verl. d. Gesetzsammlungsamts,,,,full,,ger,https://archive.org/details/pbc.gda.pl.Nr_04_77046,archive.org: check the item page for rights,reichsgesetzblatt:ia,undated in archive.org metadata
ia-pbc.gda.pl.Nr_04_77095,archive.org,pbc.gda.pl.Nr_04_77095,"Reichsgesetzblatt : herausgegeben im Reichsministerium des Innern, 1889 nr 4",Verl. d. Gesetzsammlungsamts,,,,full,,ger,https://archive.org/details/pbc.gda.pl.Nr_04_77095,archive.org: check the item page for rights,reichsgesetzblatt:ia,undated in archive.org metadata
ia-pbc.gda.pl.Nr_04_77125,archive.org,pbc.gda.pl.Nr_04_77125,"Reichsgesetzblatt : herausgegeben im Reichsministerium des Innern, 1888 nr 4",Verl. d. Gesetzsammlungsamts,,,,full,,ger,https://archive.org/details/pbc.gda.pl.Nr_04_77125,archive.org: check the item page for rights,reichsgesetzblatt:ia,undated in archive.org metadata
ia-pbc.gda.pl.Nr_050_77231,archive.org,pbc.gda.pl.Nr_050_77231,"Reichsgesetzblatt : herausgegeben im Reichsministerium des Innern, 1897 nr 50",Verl. d. Gesetzsammlungsamts,,,,full,,ger,https://archive.org/details/pbc.gda.pl.Nr_050_77231,archive.org: check the item page for rights,reichsgesetzblatt:ia,undated in archive.org metadata
ia-pbc.gda.pl.Nr_051_77232,archive.org,pbc.gda.pl.Nr_051_77232,"Reichsgesetzblatt : herausgegeben im Reichsministerium des Innern, 1897 nr 51",Verl. d. Gesetzsammlungsamts,,,,full,,ger,https://archive.org/details/pbc.gda.pl.Nr_051_77232,archive.org: check the item page for rights,reichsgesetzblatt:ia,undated in archive.org metadata
ia-pbc.gda.pl.Nr_052_77233,archive.org,pbc.gda.pl.Nr_052_77233,"Reichsgesetzblatt : herausgegeben im Reichsministerium des Innern, 1897 nr 52",Verl. d. Gesetzsammlungsamts,,,,full,,ger,https://archive.org/details/pbc.gda.pl.Nr_052_77233,archive.org: check the item page for rights,reichsgesetzblatt:ia,undated in archive.org metadata
ia-pbc.gda.pl.Nr_053_77234,archive.org,pbc.gda.pl.Nr_053_77234,"Reichsgesetzblatt : herausgegeben im Reichsministerium des Innern, 1897 nr 53",Verl. d. Gesetzsammlungsamts,,,,full,,ger,https://archive.org/details/pbc.gda.pl.Nr_053_77234,archive.org: check the item page for rights,reichsgesetzblatt:ia,undated in archive.org metadata
ia-pbc.gda.pl.Nr_054_77235,archive.org,pbc.gda.pl.Nr_054_77235,"Reichsgesetzblatt : herausgegeben im Reichsministerium des Innern, 1897 nr 54",Verl. d. Gesetzsammlungsamts,,,,full,,ger,https://archive.org/details/pbc.gda.pl.Nr_054_77235,archive.org: check the item page for rights,reichsgesetzblatt:ia,undated in archive.org metadata
ia-publicschoollaws00maryrich,archive.org,publicschoollaws00maryrich,"The public school laws of Maryland, as contained in the code of public general laws of 1912 and the acts of Assembly of 1912 and 1914; and the acts of Assembly of 1912 and 1914; and the by-laws, rules and regulations for the administration of the public school system of the state of Maryland","Baltimore, Press of Meyer & Thalheimer",,[1914],,full,160,eng,https://archive.org/details/publicschoollaws00maryrich,archive.org: NOT_IN_COPYRIGHT,statutes-uk-1914:ia,
ia-revisedcodeoford00hous,archive.org,revisedcodeoford00hous,"The revised code of ordinances of the city of Houston of 1914; passed May 6, 1914, approved by the Mayor May 6, 1914, Harris County, Texas; in connection with which are published the Charter of the city of Houston, as amended to October 1913, and extracts from the Constitution, the Revised Civil Statutes of 1911, and the Code of Criminal Procedure relating to municipal corporations",[Place of publication not identified] [publisher not identified],,1914,,full,766,eng,https://archive.org/details/revisedcodeoford00hous,archive.org: check the item page for rights,statutes-uk-1914:ia,
ia-revisedstatuteso00illi_0,archive.org,revisedstatuteso00illi_0,"The Revised statutes of the State of Illinois, 1913 : containing all the general statutes of the State in force January 1, 1914 : comprising the ""revised statutes of 1874,"" and all amendments thereto, together woth the general acts as modified or amended of 1875, 1877, 1879, 1881, 1882, 1883, 1885, 1887, 1889, 1891, 1893, 1895, 1897, 1898, 1899, 1901, 1903 and 1905, to which are added all the general acts of 1906, 1907, 1908, 1909, 1910, 1911, 1912, and 1913",Chicago : Chicago Legal News Co.,,1914,,full,2930,eng,https://archive.org/details/revisedstatuteso00illi_0,archive.org: check the item page for rights,statutes-uk-1914:ia,
ia-russiawithtehera00baed,archive.org,russiawithtehera00baed,"Russia with Teheran, Port Arthur, and Peking : handbook for travellers",Leipzig : K. Baedeker ; New York : Charles Scribner's Sons,,1914,,full,804,eng,https://archive.org/details/russiawithtehera00baed,archive.org: check the item page for rights,baedeker-russia:ia,
ia-russiawithtehera00karl,archive.org,russiawithtehera00karl,"Russia, with Teheran, Port Arthur, and Peking; handbook for travellers","Leipzig, K. Baedeker",,1914,,full,812,eng,https://archive.org/details/russiawithtehera00karl,archive.org: check the item page for rights,baedeker-russia:ia,
ia-statutesofprovin1914onta,archive.org,statutesofprovin1914onta,Statutes of the Province of Ontario 1914,Toronto : Queen's Printer,,1914,,full,774,eng,https://archive.org/details/statutesofprovin1914onta,archive.org: check the item page for rights,statutes-uk-1914:ia,
ia-statutesofstateo00colorich,archive.org,statutesofstateo00colorich,Statutes of the state of Colorado relating to sale and disposition of state lands. 1914,"Denver, Colo., Smith-Brooks Printing Co.",,1914,,full,94,eng,https://archive.org/details/statutesofstateo00colorich,archive.org: NOT_IN_COPYRIGHT,statutes-uk-1914:ia,
ia-sterreichohnegal00karl,archive.org,sterreichohnegal00karl,"Österreich, ohne Galizien, Dalmatien Ungarn und Bosnien. Handbuch für Reisende",Leipzig,,1910,,full,606,ger,https://archive.org/details/sterreichohnegal00karl,archive.org: check the item page for rights,baedeker-austria-hungary:ia,
ia-sterreichungar00karl,archive.org,sterreichungar00karl,"Österreich-Ungarn, nebst Cetinje, Belgrad, Bukarest. Handbuch für Reisende",Leipzig : Verlag von Karl Bædeker,,1913,,full,912,ger,https://archive.org/details/sterreichungar00karl,archive.org: check the item page for rights,baedeker-austria-hungary:ia,
ia-v1revisedstatuteso1914ontauoft,archive.org,v1revisedstatuteso1914ontauoft,"The revised statutes of Ontario, 1914 : being a revision and consolidation of The revised statutes of Ontario, 1897, and the subsequent public general acts of the Legislature of Ontario",Toronto : Printed by L. K. Cameron,,1914,,full,1888,eng,https://archive.org/details/v1revisedstatuteso1914ontauoft,"archive.org: &copy; Queen's Printer for Ontario, 1914. This is an unofficial version of Government of Ontario legal materials.",statutes-uk-1914:ia,
ia-v2revisedstatute1914ontauoft,archive.org,v2revisedstatute1914ontauoft,"The revised statutes of Ontario, 1914 : being a revision and consolidation of The revised statutes of Ontario, 1897, and the subsequent public general acts of the Legislature of Ontario",Toronto : Printed by L. K. Cameron,,1914,,full,1792,eng,https://archive.org/details/v2revisedstatute1914ontauoft,"archive.org: &copy; Queen's Printer for Ontario, 1914. This is an unofficial version of Government of Ontario legal materials.",statutes-uk-1914:ia,
ia-v3revisedstatute1914ontauoft,archive.org,v3revisedstatute1914ontauoft,"The revised statutes of Ontario, 1914 : being a revision and consolidation of The revised statutes of Ontario, 1897, and the subsequent public general acts of the Legislature of Ontario",Toronto : Printed by L. K. Cameron,,1914,,full,1166,eng,https://archive.org/details/v3revisedstatute1914ontauoft,"archive.org: &copy; Queen's Printer for Ontario, 1914. This is an unofficial version of Government of Ontario legal materials.",statutes-uk-1914:ia,
ia-walaw-code-remington-ballinger-1914-3-25b0bf,archive.org,walaw-code-remington-ballinger-1914-3-25b0bf,"Remington & Ballinger's Annotated Codes and Statutes of Washington (1914), Volume 3",,,1914,,full,1129,eng,https://archive.org/details/walaw-code-remington-ballinger-1914-3-25b0bf,archive.org: check the item page for rights,statutes-uk-1914:ia,
ia-walaw-code-remington-ballinger-1914-3-6e3b25,archive.org,walaw-code-remington-ballinger-1914-3-6e3b25,"Remington & Ballinger's Annotated Codes and Statutes of Washington (1914), Volume 3",,,1914,,full,1131,eng,https://archive.org/details/walaw-code-remington-ballinger-1914-3-6e3b25,archive.org: check the item page for rights,statutes-uk-1914:ia,
ia-walaw-code-remington-ballinger-1914-3-93b59b,archive.org,walaw-code-remington-ballinger-1914-3-93b59b,"Remington & Ballinger's Annotated Codes and Statutes of Washington (1914), Volume 3",,,1914,,full,1131,eng,https://archive.org/details/walaw-code-remington-ballinger-1914-3-93b59b,archive.org: check the item page for rights,statutes-uk-1914:ia,
ia-whitakers-almanack_1910,archive.org,whitakers-almanack_1910,Whitaker's Almanack  1910,,,1910,,full,1004,English,https://archive.org/details/whitakers-almanack_1910,archive.org: check the item page for rights,whitakers-almanack:ia,
ia-whitakers-almanack_1915,archive.org,whitakers-almanack_1915,Whitaker's Almanack  1915,,,1915,,full,1062,English,https://archive.org/details/whitakers-almanack_1915,archive.org: check the item page for rights,whitakers-almanack:ia,
ia-whitakersalmanac0000jose_m3v6,archive.org,whitakersalmanac0000jose_m3v6,whitaker`s almanack,,,1916,,full,1002,eng,https://archive.org/details/whitakersalmanac0000jose_m3v6,archive.org: check the item page for rights,whitakers-almanack:ia,
ia-whitakersalmanac0000unse_k4h8,archive.org,whitakersalmanac0000unse_k4h8,Whitaker's Almanack 1915,London : [s.n.],,1915,,full,1058,eng,https://archive.org/details/whitakersalmanac0000unse_k4h8,archive.org: check the item page for rights,whitakers-almanack:ia,
ia-whitakerslistofs00unse,archive.org,whitakerslistofs00unse,"Whitaker's list of schools and climates. Compiled from the educational supplements to Whitaker's almanack and Whitaker's peerage, 1912",London,,1912,,full,36,eng,https://archive.org/details/whitakerslistofs00unse,archive.org: check the item page for rights,whitakers-almanack:ia,
sl-rfrkuf_394077458-19130002,slub,rfrkuf_394077458-19130002,"R. Fritzsches Kursbuch für Sachsen, das übrige Mitteldeutschland, Böhmen und Schlesien",,Winter 1913/14,1914,"Winter-Ausgabe 1913/1914 (1. Oktober bis 30. April.), title page p3",full,465,ger,https://digital.slub-dresden.de/id394077458-19130002,SLUB Dresden: Public Domain Mark 1.0,fritzsche-kursbuch:sl,"METS volume ""1913/14,Wi.""; shelf mark Hist.Sax.M.553.y-1913/14"
sl-rfrkuf_394077458-19140001,slub,rfrkuf_394077458-19140001,"R. Fritzsches Kursbuch für Sachsen, das übrige Mitteldeutschland, Böhmen und Schlesien","Verlag von R. Fritzsches Kursbuch, Dresden-Altstadt; in Kommission B. G. Teubner (title page p3)",Sommer 1914,1914,"Sommer-Ausgabe 1914 (1. Mai bis 30. September.), title page p3",full,497,ger,https://digital.slub-dresden.de/id394077458-19140001,SLUB Dresden: Public Domain Mark 1.0,fritzsche-kursbuch:sl,"METS volume ""1914,So.""; shelf mark Hist.Sax.M.553.y-1913/14"
sl-rfrkuf_394077458-19140002,slub,rfrkuf_394077458-19140002,"R. Fritzsches Kursbuch für Sachsen, das übrige Mitteldeutschland, Böhmen und Schlesien",,Winter 1914/15,1915,,full,422,ger,https://digital.slub-dresden.de/id394077458-19140002,SLUB Dresden: Public Domain Mark 1.0,fritzsche-kursbuch:sl,"METS volume ""1914/15,Wi.""; shelf mark Hist.Sax.M.553.y-1914/15,Wi.; title page not yet located (p1-p3 are cover and advertisements); METS gives only ""1914/15,Wi."""
